,title,rating,time,price,calories,sodium,fat,protein,carbs,personal_rating,ingredients,url
1,Four-Cheese Baked Spaghetti,4.5,75.0,38.35,570.0,1230.0,28.0,31,51,"[['Kaitlin Judd', 3.0], ['Em Spreadborough', 5.0], ['Nichole McNeese', 5.0], ['Strauß', 5.0], ['Tanya Hollabaugh', 4.0], ['Kimberly M.', 5.0], ['Jacqulyn W.', 5.0], ['Alexandra A. Albu', 5.0], ['kerri', 5.0], ['Cassandra Leigh Leigh', 5.0], ['Sarah', 5.0], ['Aubrey Mangum', 5.0]]","['spaghetti ', 'lowmoisture ricotta cheese ', 'grated Parmesan cheese ', 'salt ', 'black pepper ', 'garlic powder ', 'Italian seasoning ', 'marinara sauce ', 'fresh mozzarella ', 'provolone cheese ']",https://www.yummly.com/recipe/Four-Cheese-Baked-Spaghetti-2684086
3,Creamy Spinach Stuffed Mushrooms,4.5,33.0,17.99,70.0,180.0,5.0,3,3,"[['Avery', 1.0], ['Ischa Bremer', 4.0], ['Kiauna Gasiorowski', 4.0], ['Evita Acuna', 5.0], ['Tracey S.', 5.0], ['Reynolds', 4.0], ['Nina', 4.0], ['M1nn1e', 5.0], ['Matt', 4.0], ['Michael Castro', 5.0], ['Sugar Time', 5.0], ['Biggelton Schmuggs IV', 5.0], ['Jon Lucas', 4.0], ['Kishore', 5.0], [""I Don't Know"", 5.0], ['Krysa Robertson', 5.0], ['Virag', 5.0]]","['cremini mushrooms ', 'cream cheese ', 'grated Parmesan cheese ', 'salt ', 'black pepper ', 'garlic ', 'olive oil ', 'baby spinach leaves ', 'shredded Italian cheese blend ']",https://www.yummly.com/recipe/Creamy-Spinach-Stuffed-Mushrooms-2483585
7,Best Ever Chocolate Chip Muffins,4.5,41.0,30.7,270.0,270.0,14.0,4,34,"[['Sophia', 5.0], ['Heidi Crosgrove-Trobaugh', 4.0], ['Sarah Slansky', 5.0], ['Min', 5.0], ['Colby', 4.0], ['Scott Anders', 5.0], ['Rebecca Gold', 5.0]]","['unsalted butter ', 'granulated sugar ', 'light brown sugar ', 'vanilla extract ', 'large eggs ', 'sour cream ', 'milk ', 'allpurpose flour ', 'baking powder ', 'baking soda ', 'salt ', 'cinnamon ', 'chocolate chips ']",https://www.yummly.com/recipe/Best-Ever-Chocolate-Chip-Muffins-9029439
8,Sheet Pan Yellow Squash and Chicken Sausage,4.5,42.0,20.08,340.0,960.0,24.0,22,10,"[['Holly Lynch', 5.0], ['Amy J.', 5.0], ['Cathleen Walter', 4.0], ['Jessica', 4.0], ['Jenny M.', 5.0], ['Coto', 5.0], ['Madeline Rose', 5.0]]","['yellow summer squash ', 'cooked chicken sausage ', 'olive oil ', 'Italian seasoning ', 'salt ', 'black pepper ', 'garlic clove ', 'shredded Parmesan cheese ']",https://www.yummly.com/recipe/Sheet-Pan-Yellow-Squash-and-Chicken-Sausage-9116039
9,Hearty Italian Beef and Vegetable Soup,4.5,40.0,23.1,240.0,920.0,7.0,27,19,"[['Isabella', 5.0], ['Rejeana Black', 5.0], ['Stacey Fisher', 5.0], ['Jessica K.', 5.0], ['Desiree', 4.0]]","['medium onion ', 'garlic cloves ', 'large carrots ', 'celery stalks ', 'lean ground beef ', 'tomato paste ', 'Italian seasoning ', 'beef broth ', 'fire roasted diced tomatoes ', 'cannellini beans ', 'crushed red pepper flakes ', 'Swiss chard ', 'salt ', 'pepper ', 'grated Parmesan cheese ']",https://www.yummly.com/recipe/Hearty-Italian-Beef-and-Vegetable-Soup-9144738
11,Loaded Baked Potatoes,4.5,80.0,16.16,410.0,660.0,23.0,12,40,"[['Ronn', 5.0], ['Emily De Nicola', 5.0], ['William Rodriguez', 5.0], ['Tesia Vandenberghe', 4.0], ['Stephanie S.', 5.0], ['Kane', 5.0], ['Kimberly Canfield', 4.0]]","['russet potatoes ', 'scallions ', 'butter ', 'sour cream ', 'bacon ', 'shredded cheddar cheese ', 'salt ', 'black pepper ', 'sour cream ']",https://www.yummly.com/recipe/Loaded-Baked-Potatoes-2465548
14,Soft and Chewy Keto “Sugar” Cookies,4.5,23.0,22.04,240.0,180.0,23.0,6,6,"[['Tamara Canion', 5.0], ['Jason T.', 3.0], ['Franki Jo Worley', 5.0], ['Nicholaus Chandler', 5.0], ['Stacie Reed', 5.0], ['Joseph Metz', 5.0], ['Yanet G.', 1.0], ['Sierra Martin', 4.0], ['Edison', 5.0], ['Jonathan H.', 4.0], ['Nikki Cotton', 5.0], ['Amanda', 5.0], ['Shanah Wilson', 5.0], ['Mahalia Ramachandran', 4.0], ['Immarian D.', 5.0], ['Blair E.', 4.0], ['Lauren Boone', 5.0], ['Marzan', 5.0], ['John', 4.0], ['Briana', 5.0], ['Alli', 3.0]]","['unsalted butter ', 'full fat cream cheese ', 'erythritol ', 'eggs ', 'vanilla extract ', 'superfine almond flour ', 'baking soda ', 'salt ']",https://www.yummly.com/recipe/Soft-and-Chewy-Keto-Sugar-Cookies-9029522
17,Amazing Rosemary Sweet Potato Fries,4.5,30.0,5.44,130.0,360.0,3.5,3,24,"[['Yusuf', 5.0], ['Elaine', 5.0], ['Nick', 5.0], ['Anika Hendrickx', 4.0], ['Jenifer Cardenas', 4.0], ['Noelle Rankin', 5.0], ['Hana Ohana', 5.0], ['McLeod', 4.0], ['Hi', 3.0], ['Noam’s Place', 4.0], ['Krisztina S.', 5.0], ['Vanessa', 4.0], ['Mandi Wetter', 5.0]]","['sweet potatoes ', 'olive oil ', 'salt ', 'black pepper ', 'fresh rosemary ']",https://www.yummly.com/recipe/Amazing-Rosemary-Sweet-Potato-Fries-9029475
18,Farmers' Market Vegetable Bake with Sharp Cheddar and Parmesan,3.5,47.0,16.13,90.0,350.0,5.0,6,5,"[['Donna Curzio Stahl', 3.0], ['Devina Gonzalez', 5.0], ['David', 5.0], ['Chris P.', 1.0], ['Brashear', 5.0], ['Lawsage Macomber', 4.0], ['Michael Musial', 3.0], ['Francesco Robotti', 4.0]]","['small eggplant ', 'zucchini ', 'summer squash ', 'salt ', 'large tomato ', 'garlic ', 'grated Parmesan cheese ', 'shredded sharp cheddar cheese ', 'fresh thyme ']",https://www.yummly.com/recipe/Farmers_-Market-Vegetable-Bake-with-Sharp-Cheddar-and-Parmesan-2483595
20,Oven Baked BBQ Baby Back Ribs,4.5,3.0,64.28,1070.0,860.0,56.0,89,51,"[['Amanda E.', 5.0], ['Renee Moshoures', 5.0], ['S Rickards', 5.0], ['Croft', 4.0], ['Julie Psst', 4.0], ['Wheeler', 5.0], ['Chantal Harding', 5.0], ['Elias Hardt', 5.0], ['Morris', 5.0], ['Sologub', 5.0], ['tara b.', 5.0]]","['chicken broth ', 'baby back ribs ', 'salt ', 'black pepper ', 'dark brown sugar ', 'paprika ', 'ground mustard ', 'garlic powder ', 'onion powder ', 'cumin ', 'cayenne pepper ', 'barbecue sauce ']",https://www.yummly.com/recipe/Oven-Baked-BBQ-Baby-Back-Ribs-2436621
21,Curry Coconut Oil Roasted Cauliflower,4.5,28.0,13.61,70.0,400.0,7.0,0,1,"[['Dan', 4.0], ['Ioana C.', 5.0], ['Yazmin Aguirre Rivera', 5.0], ['Kira Irene Butt', 5.0], ['Syn Wade', 4.0], ['Johanna Main', 5.0], ['Corey Julseth', 4.0], ['Claudia', 5.0], ['Meagan', 5.0], ['Deer', 4.0], ['Brendan N.', 3.0], ['Naomi C.', 5.0], ['Garcia', 3.0], ['Knc', 3.0], ['debbie', 5.0]]","['cauliflower florets ', 'coconut oil ', 'salt ', 'black pepper ', 'ground turmeric ', 'ground cumin ', 'ground coriander ']",https://www.yummly.com/recipe/Curry-Coconut-Oil-Roasted-Cauliflower-2684152
22,Healthy Salmon & Veggie Sheet Pan Dinner,4.5,40.0,33.46,500.0,270.0,11.0,40,69,"[['Abigail Clark', 4.0], ['Tyler Binkley', 5.0], ['Mary-Dell C', 4.0], ['LilyWaters', 5.0], ['Frances Lopez', 4.0], ['Lynn Lederhos', 5.0], ['Dwight Mcintosh', 5.0], ['Alexandru Chis', 5.0], ['ggttuio', 5.0], ['Rian', 5.0], ['Jessica Rang', 4.0], ['Kristibell Therese', 5.0], ['yaprak akdere', 5.0], ['Christi', 5.0], ['Alex Alex', 5.0], ['Dara', 5.0], ['Elif Sonel', 4.0], ['Hhihgug', 5.0], ['Georgia Naumann', 5.0], ['Alice', 5.0], ['Kinder', 5.0], ['Evans', 5.0], ['Maz T.', 5.0], ['Laura Fletty', 5.0], ['Greg Druck', 5.0], ['Brian', 5.0], ['Yuri Yuryev', 5.0], ['John S.', 5.0]]","['salmon ', 'baby potatoes ', 'asparagus ', 'salt ', 'garlic powder ', 'extravirgin olive oil ', 'fresh dill ', 'lemon wedges ']",https://www.yummly.com/recipe/Healthy-Salmon-_-Veggie-Sheet-Pan-Dinner-9029471
23,Quick and Easy Italian Meatballs,5.0,35.0,18.89,110.0,730.0,4.5,5,12,"[['Alina Luong', 5.0], ['Kimberly Luedtke', 5.0], ['Miriam Fenech', 5.0], ['Roy W.', 5.0], ['Eleonora P.', 5.0], ['fatima abass', 5.0]]","['85 lean ground beef ', 'garlic ', 'eggs ', 'dried breadcrumbs ', 'Italian seasoning ', 'grated Parmesan cheese ', 'salt ', 'black pepper ', 'marinara sauce ', 'grated Parmesan cheese ']",https://www.yummly.com/recipe/Quick-and-Easy-Italian-Meatballs-9073076
24,Juicy Oven-Baked Cajun Chicken Breasts,4.5,30.0,27.72,320.0,550.0,11.0,52,3,"[['Marissa Powers', 5.0], ['Rian', 5.0], ['Crist', 4.0], ['Luis C.', 5.0], ['BestHomeCook', 4.0], ['Nathalie Livolsi', 4.0], ['Jeff Jones', 5.0], ['Stephanie C.', 1.0], ['Isilia Hernandez', 5.0], ['Kendra Flowers', 5.0], ['Terri', 4.0], ['Yvonne Washington', 4.0], ['Chynna Santana', 5.0], ['Yolanda Penn', 4.0], ['Becky McNeil', 4.0], ['DuePancho', 3.0], ['Kimberly Washington', 5.0], ['Roxanne LeMans-Walden', 4.0], ['R', 5.0], ['Debra Taylor Purvis, AIBD', 5.0], ['Shamina K.', 4.0], ['Lauren AW', 4.0], ['Julie', 5.0], ['John A.', 4.0], ['Vickie Edwards', 4.0], ['Stan Jacobs', 5.0], ['Sarah Skipper', 4.0], ['Danielle W.', 5.0], ['Gabby M', 4.0], ['Amanda Litchhult', 2.0]]","['boneless skinless chicken breasts ', 'paprika ', 'garlic powder ', 'onion powder ', 'dried oregano ', 'dried thyme ', 'salt ', 'black pepper ', 'cayenne ', 'extravirgin olive oil ']",https://www.yummly.com/recipe/Juicy-Oven-Baked-Cajun-Chicken-Breasts-9029444
29,Juicy Herbed Weeknight Chicken Thighs,4.5,30.0,18.78,240.0,450.0,8.0,38,1,"[['Mike Scheeler', 5.0], ['Mary Laura Boyett', 5.0], ['Laura Harper', 5.0], ['Ayesha Lakes', 5.0], ['Tori Reese', 5.0], ['Ciana', 5.0], ['Jennifer', 4.0], ['Kate', 5.0], ['Johnny Gio', 5.0], ['Sanchez', 5.0]]","['boneless skinless chicken thighs ', 'cooking spray ', 'Italian seasoning ', 'red pepper flakes ', 'garlic powder ', 'salt ']",https://www.yummly.com/recipe/Juicy-Herbed-Weeknight-Chicken-Thighs-9029462
30,Mexican Wedding Cookies,4.5,45.0,15.51,150.0,20.0,9.0,1,17,"[['Sasha Mai', 4.0], ['Graciela S', 5.0], ['Johnson', 5.0], ['rand', 5.0], ['Sharyl', 5.0], ['Karmen Reynolds', 4.0]]","['pecans ', 'unsalted butter ', 'powdered sugar ', 'salt ', 'vanilla extract ', 'all purpose flour ', 'powdered sugar ']",https://www.yummly.com/recipe/Mexican-Wedding-Cookies-9088916
31,5-Ingredient Cheesecake,4.5,90.0,11.82,340.0,230.0,25.0,6,21,"[['Serena', 5.0], ['P F.', 5.0], ['Charlie R.', 5.0], ['Ajhas A', 5.0], ['ahgnisabus', 5.0], ['Nicole Friedt', 3.0], ['frida Penélope lopez', 4.0], ['rezist la victoriei', 5.0], ['madeline zimmer', 5.0], ['Altinel', 5.0], ['Alan', 5.0], ['Earl John', 5.0], ['Loren Kiefer', 1.0], ['Melinda Fancsal', 5.0], ['C', 5.0], ['Roelien Reyneke', 4.0], ['dhdhhd', 4.0], ['pooD retooP', 5.0], ['Tiny', 3.0], ['H', 5.0], ['Donna', 5.0], ['Diane Gasaway', 5.0], ['Matt Santarelli', 4.0], ['test', 5.0], ['caleb honeycutt', 5.0], ['Duane C.', 5.0], ['CYNTHIA LEHNIG', 5.0], ['T', 5.0]]","['cream cheese ', 'granulated sugar ', 'sour cream ', 'vanilla extract ', 'eggs ']",https://www.yummly.com/recipe/5-Ingredient-Cheesecake-2443645
35,Melt-In-Your-Mouth Fudgy Brownies ,4.5,45.0,32.87,530.0,200.0,27.0,6,77,"[['Tom Hughes', 4.0], ['Charlotte Wilkinson _ Student - MillsParkMS', 4.0], ['April Desrosiers', 5.0], ['Hannah Windau', 5.0], ['Sinead', 5.0], ['Prongs', 5.0], ['Padfoot', 5.0], ['naomi Chan', 4.0], ['Julia Shvartsman', 5.0], ['Laab Email', 5.0], ['Esie Buaful', 5.0], ['Tom Simpson', 5.0], ['Alexia Hollywood', 5.0], ['Dhuhanawuri Nugroho', 5.0], ['Rebecca Dye', 1.0], ['Julia', 5.0], ['GiftedSousChef', 5.0], ['Nigel', 5.0]]","['nonstick cooking spray ', 'butter ', 'bittersweet chocolate chips ', 'granulated sugar ', 'light brown sugar ', 'vanilla extract ', 'eggs ', 'allpurpose flour ', 'unsweetened cocoa powder ', 'baking soda ', 'salt ', 'semisweet chocolate chips ']",https://www.yummly.com/recipe/Melt-In-Your-Mouth-Fudgy-Brownies--9029527
40,Easy Egg And Cheese Casserole,4.5,48.0,8.17,170.0,420.0,12.0,12,1,"[['Bonnie Blue', 5.0], ['Simone  p.', 5.0], ['Robert Kelly', 4.0], ['Robby', 5.0], ['Nathan Winkler', 5.0], ['Destiny Sturdivant', 4.0], ['Posh', 4.0], ['johnson', 3.0], ['Blake Sain', 5.0]]","['eggs ', 'whole milk ', 'salt ', 'black pepper ', 'shredded cheddar cheese ']",https://www.yummly.com/recipe/Easy-Egg-And-Cheese-Casserole-9029558
43,Slow-Roasted Beef Tenderloin with Red Wine Mushroom Sauce,4.5,3.0,138.67,680.0,1350.0,47.0,43,9,"[['Sonja Nimlos', 5.0], ['Rachel', 5.0], ['tyler doran', 4.0], ['Sean McGlinchey', 5.0], ['Rainecity@yahoo.com', 4.0], ['Nick S.', 5.0]]","['cremini mushrooms ', 'onion ', 'shallot ', 'extra virgin olive oil ', 'tomato paste ', 'granulated sugar ', 'red pepper flakes ', 'dry red wine ', 'balsamic vinegar ', 'salted butter ', 'flour ', 'beef broth ', 'salted butter ', 'Worcestershire sauce ', 'Parmesan cheese ', 'salted butter ', 'salt ', 'freshly ground black pepper ', 'beef tenderloin ', 'garlic cloves ', 'kosher salt ', 'extra virgin olive oil ', 'freshly ground black pepper ', 'fresh thyme ', 'fresh rosemary ', 'flat leaf parsley ']",https://www.yummly.com/recipe/Slow-Roasted-Beef-Tenderloin-with-Red-Wine-Mushroom-Sauce-9083702
51,Easy 5-Ingredient Chicken Enchiladas,4.5,50.0,11.58,420.0,1120.0,23.0,24,30,"[['유진 김', 4.0], ['Marlene Silva', 5.0], ['Chelsey Peck Stewart', 2.0], ['Lala Bryant', 5.0], ['Chris Hughes', 4.0], ['Moh', 4.0], ['Audrey U.', 5.0], ['Trevor Sparks', 5.0], ['Colleen T.', 5.0], ['jesse B', 5.0], ['logan Nicole', 5.0], ['Dale Beck', 4.0], ['Michelle Farr', 5.0], ['Mimi', 5.0], ['Charity Fo-scott', 5.0], ['Daniel Martin', 4.0], ['Carly Caulfield', 5.0], ['Shelby Young', 5.0], ['Carlie', 4.0], ['Thomas Hampton', 5.0], ['carlos', 5.0], ['Dan Funk', 4.0], ['Shannon Ellis', 5.0], ['Mel stone', 3.0], ['Jacob Klaus', 5.0], ['Shadiat Desso', 5.0], ['Stephanie Lewis', 3.0], ['Carmen', 5.0], ['Erica Vincent', 5.0], ['Dylan Lastname', 5.0]]","['red enchilada sauce ', 'shredded rotisserie chicken ', 'Mexican cheese ', 'soft corn tortillas ', 'Mexican cheese ', 'cilantro ']",https://www.yummly.com/recipe/Easy-5-Ingredient-Chicken-Enchiladas-9073068
54,Crispy Sesame Tofu and Broccoli,4.5,55.0,32.57,370.0,1690.0,21.0,24,26,"[['MacCauley M. Lee', 4.0], ['Rondel', 5.0], ['Rochlen', 5.0], ['Jules Daher', 5.0], ['Lee W.', 4.0], ['Grey', 5.0], ['Emily', 4.0], ['Ivan Phillipsen', 4.0]]","['extra firm tofu ', 'garlic clove ', 'fresh ginger ', 'water ', 'cornstarch ', 'tamari ', 'light brown sugar ', 'rice vinegar ', 'toasted sesame oil ', 'crushed red pepper ', 'scallions ', 'salt ', 'pepper ', 'cornstarch ', 'neutral oil ', 'neutral oil ', 'broccoli florets ', 'water ', 'sesame seeds ']",https://www.yummly.com/recipe/Crispy-Sesame-Tofu-and-Broccoli-9097949
56,Herb & Garlic Roasted Chicken,4.5,100.0,19.25,550.0,570.0,41.0,43,2,"[['Cecilie B.', 5.0], ['Brian Hooks', 4.0], ['Cl', 4.0], ['Kieron C.', 4.0], ['Michael Philip Obeso', 5.0], ['Matthew', 4.0], ['Monzter', 2.0], ['Emily Berg', 5.0], ['Jared Zambito', 5.0], ['Suki', 4.0]]","['roasting chicken ', 'salt ', 'black pepper ', 'butter ', 'garlic ', 'fresh parsley ', 'fresh dill ', 'fresh rosemary ', 'fresh thyme ']",https://www.yummly.com/recipe/Herb-_-Garlic-Roasted-Chicken-2696765
64,Bakery-Style Frosted Sugar Cookies,4.5,42.0,41.55,600.0,270.0,33.0,5,71,"[['Briana Forte', 5.0], ['Paige Witthaus', 5.0], ['Noah Wilson', 3.0], ['Monica G.', 5.0], ['DeBe', 5.0], ['V A', 5.0], ['Lunsford', 5.0], ['Rachel Theodorou', 5.0], ['Amy A.', 5.0], ['Liss', 5.0], ['Edie S.', 4.0], ['Chimuka Chinene', 5.0], ['Richard Ricciuti', 3.0], ['Bau Hau', 5.0], ['chance', 5.0], ['SKINNER', 2.0], ['Stefanaaa', 5.0], ['Nik Lollar', 5.0], ['Lindsey VanderMolen', 5.0], ['Groller', 5.0], ['Jasmine Banks', 4.0], ['Ruth Rangan', 5.0], ['Gfandstillbaking!', 5.0]]","['unsalted butter ', 'granulated sugar ', 'eggs ', 'sour cream ', 'vanilla extract ', 'almond extract ', 'allpurpose flour ', 'baking soda ', 'baking powder ', 'salt ', 'unsalted butter ', 'cream cheese ', 'powdered sugar ', 'vanilla extract ', 'heavy cream ', 'salt ', 'food coloring ', 'sprinkles ']",https://www.yummly.com/recipe/Bakery-Style-Frosted-Sugar-Cookies-9029533
65,Sheet-Pan Fish Tacos,4.5,20.0,37.79,370.0,620.0,18.0,27,30,"[['Sonja Nimlos', 4.0], ['Mandy', 4.0], ['Jt', 5.0], ['Memory_error', 4.0], ['Kumkum', 5.0], ['Pam Divot', 5.0]]","['extravirgin olive oil ', 'lime juice ', 'fine sea salt ', 'tilapia fillets ', 'chili powder ', 'garlic powder ', 'fine sea salt ', 'ground cumin ', 'coriander ', 'red cabbage ', 'parsley ', 'cilantro ', 'green onions ', 'extravirgin olive oil ', 'lime juice ', 'honey ', 'fine sea salt ', 'black pepper ', 'corn tortillas ', 'lime wedges ', 'hot sauce ']",https://www.yummly.com/recipe/Sheet-Pan-Fish-Tacos-9145179
67,Cheesy Parmesan Roasted Asparagus,4.5,22.0,7.97,70.0,640.0,4.0,4,6,"[['David H.', 5.0], ['Kayla Simas', 5.0], ['Lisa Hankerson', 5.0], ['Erika Ingato', 5.0], ['Purcell', 5.0], ['Metzger', 5.0], ['Jack', 5.0], ['Ashley Makan', 5.0], ['Larissa', 5.0], ['Priscilla Gonzalez', 4.0], ['Mandy Rae', 4.0], ['Susan Taylor Payne', 4.0]]","['asparagus ', 'olive oil ', 'salt ', 'black pepper ', 'shredded Parmesan cheese ']",https://www.yummly.com/recipe/Cheesy-Parmesan-Roasted-Asparagus-9029427
71,Barbecue Baked Chicken Legs,4.5,40.0,27.3,440.0,680.0,21.0,41,18,"[['Angelisses Gomes', 5.0], ['Daniela Zuloaga Romero', 5.0], ['Molly Rogers', 5.0], ['Jamie', 5.0], ['Stef McEwan', 5.0], ['Dammon Saunders', 5.0], ['Rebecca Grackin', 5.0], ['Rebecca Gee', 5.0], ['Rich Martin', 4.0]]","['nonstick cooking spray ', 'chicken drumsticks ', 'sea salt ', 'black pepper ', 'barbecue sauce ', 'barbecue sauce ']",https://www.yummly.com/recipe/Barbecue-Baked-Chicken-Legs-9073054
74,Keto Garlic Rolls,4.5,45.0,30.07,190.0,310.0,15.0,10,4,"[['Desire Foster', 5.0], ['Emely Pietri', 5.0], ['Katrina Kirchner-Sissel', 3.0], ['Ellery', 5.0], ['maria', 5.0]]","['nonstick cooking spray ', 'shredded mozzarella cheese ', 'cream cheese ', 'large eggs ', 'almond flour ', 'grated Parmesan cheese ', 'garlic powder ', 'baking powder ', 'salt ', 'salted butter ', 'Italian seasoning ', 'grated Parmesan cheese ']",https://www.yummly.com/recipe/Keto-Garlic-Rolls-9085180
79,Easy Balsamic Roasted Vegetables,4.5,50.0,20.23,130.0,340.0,7.0,2,14,"[['Jason M.', 5.0], ['Maria', 4.0], ['Jessi Santos', 4.0], ['E Sonza', 5.0], ['Ольга Раменская', 5.0], ['Richard D.', 5.0], ['Chandru S', 4.0], ['Modie C.', 5.0], ['Deguara', 5.0], ['Christina', 5.0], ['Emin Ozkan', 5.0], ['Daniela Orta', 5.0], ['Kavanagh', 5.0], ['Geraldine', 5.0], ['Judy Richardson', 5.0], ['Raoul', 5.0], ['Kaylen Dillon', 5.0], ['Keller', 5.0], ['Najee Rashad', 5.0], ['MWC', 5.0], ['Christina Crain', 5.0], ['Jessica', 5.0]]","['sweet potatoes ', 'red bell pepper ', 'green bell pepper ', 'red onion ', 'olive oil ', 'balsamic vinegar ', 'salt ', 'garlic cloves ', 'fresh rosemary ', 'feta cheese ']",https://www.yummly.com/recipe/Easy-Balsamic-Roasted-Vegetables-9029544
80,Garlicky Lemon Asparagus,4.5,22.0,6.84,70.0,300.0,3.5,3,11,"[['Bailey Rhodes', 5.0], ['Nima', 4.0], ['Zachariah Brown', 5.0], ['Carrillo', 5.0], ['Julia Krynak', 5.0], ['Laura', 5.0], ['Stephanie Reynolds', 3.0], ['Sabrina Braddy', 2.0], ['Jeffrey Crouch', 3.0], ['J- Edits', 4.0], ['tressler m.', 5.0], ['Ray Osborne', 4.0], ['Ayumi Mosley', 4.0], ['Roland', 5.0], ['Sharon Chen', 5.0], ['Nixzaliz Rojas', 5.0], ['Hanshaw', 5.0], ['msk done yup what nn bb vv', 5.0]]","['garlic ', 'lemon ', 'asparagus ', 'olive oil ', 'salt ', 'black pepper ']",https://www.yummly.com/recipe/Garlicky-Lemon-Asparagus-9029424
83,Hamburger and Shells Casserole,4.5,43.0,11.85,200.0,910.0,9.0,18,10,"[['Maria Iribe', 3.0], ['Tierra H.', 4.0], ['Christina Lavelle', 4.0], ['Veronica Statham S.', 5.0], ['Deej H.', 4.0], ['Brandi Barrett', 5.0], ['Stacy Tomsich', 4.0], ['Guchshina', 5.0], ['Emily Rouse', 5.0]]","['nonstick cooking spray ', 'medium pasta shells ', 'salt ', 'nonstick cooking spray ', 'lean ground beef ', 'salt ', 'black pepper ', 'garlic powder ', 'condensed tomato soup ', 'water ', 'shredded mozzarella cheese ', 'shredded cheddar cheese ']",https://www.yummly.com/recipe/Hamburger-and-Shells-Casserole-9116034
86,Eggs Baked in Avocado,3.5,25.0,4.78,240.0,270.0,20.0,9,11,"[['Beth Mare', 1.0], ['Lucy Petrie', 5.0], ['AT', 3.0], ['Robert Kelly', 3.0], ['Keomony Vang', 5.0], ['Michelle Todd', 5.0], ['Youngberg', 1.0], ['Yummly User', 5.0], ['Carlson', 5.0], ['April R.', 5.0], ['Kathleen O.', 5.0], ['Recipe Blog', 5.0], ['M.Lo', 1.0], [""Kelly and Rick's Adventures Mitchell"", 5.0], ['Spider-man', 4.0], ['Jerry Keener', 3.0], ['Tali', 3.0], ['Craig Callaway', 5.0], ['What Up, Yo?', 3.0], ['Andrew Falcon', 1.0], ['Plackemeier', 5.0], ['Laura B.', 5.0], ['Chef Houston', 4.0], ['Laura Harper', 3.0], ['onbcro', 4.0], ['Steph', 5.0], ['jay mine', 5.0]]","['avocados ', 'salt ', 'black pepper ', 'eggs ']",https://www.yummly.com/recipe/Eggs-Baked-in-Avocado-9116032
90,Asian Sesame Roasted Broccoli,3.5,30.0,24.51,170.0,1060.0,11.0,7,16,"[['Daniela Weffer', 4.0], ['Faktor', 5.0], ['Natalie Chandler', 5.0], ['Maroof Choudhury', 5.0], ['Arthur Derrick', 4.0], ['katie s.', 5.0], ['Adam', 2.0], ['sarah s.', 5.0], ['Brunton', 5.0], ['Hdhdjd', 4.0], ['Bohannon', 3.0], ['Luis Zamudio', 4.0], ['Christine R.', 1.0], ['Nick S.', 4.0], ['Vinci Allen-Steward', 2.0]]","['broccoli florets ', 'tamari sauce ', 'sesame oil ', 'brown sugar ', 'crushed red pepper ', 'toasted sesame seeds ']",https://www.yummly.com/recipe/Asian-Sesame-Roasted-Broccoli-2684141
92,Healthy Garlicky Sweet Potato Fries,4.5,30.0,5.83,140.0,360.0,3.5,3,25,"[['Jen s', 5.0], ['Karen', 4.0], ['Елеонора Војновић', 5.0], ['Joseph Bass', 5.0], ['EDDIE', 5.0], ['Denisse', 5.0], ['Corlista Rhodes', 5.0], ['Krisztina S.', 5.0], ['Petri Finch', 5.0], ['Carolyn W.', 3.0], ['charlie', 5.0], ['Gale', 5.0]]","['sweet potatoes ', 'olive oil ', 'salt ', 'black pepper ', 'garlic ']",https://www.yummly.com/recipe/Healthy-Garlicky-Sweet-Potato-Fries-9029473
98,Frozen Gingersnap Pumpkin Pie,4.5,20.0,21.59,310.0,130.0,25.0,2,21,"[['Mahon', 3.0], ['Shelley Lawson', 5.0], ['Dani', 5.0], ['Erica Ann', 3.0], ['Brooke Fowles', 5.0]]","['gingersnap cookies ', 'salted butter ', 'salted butter ', 'all purpose flour ', 'heavy whipping cream ', 'dark brown sugar ', 'pumpkin pie spice ', 'salt ', 'canned pumpkin ', 'caramel sauce ']",https://www.yummly.com/recipe/Frozen-Gingersnap-Pumpkin-Pie-9088923
101,Easy White Cheese & Garlic Pizzas,4.0,20.0,32.54,110.0,170.0,5.0,5,10,"[['Desrosiers', 4.0], ['Candace Madry', 5.0], ['Ryley Payne', 3.0], ['Driver', 4.0], ['Gee', 5.0], ['Shawn', 5.0], ['JB', 4.0], ['Stacey Croley', 4.0], ['Mr. Brandon Martin', 5.0], ['Melissa Guyre', 5.0], ['Sarah', 5.0], ['User Testing Chef', 5.0]]","['naan ', 'olive oil ', 'garlic ', 'mozzarella cheese ', 'ricotta cheese ', 'Italian seasoning ', 'shaved Parmesan cheese ', 'basil leaves ']",https://www.yummly.com/recipe/Easy-White-Cheese-_-Garlic-Pizzas-9029496
103,One-Pan Garlic-Parmesan Asparagus,4.5,22.0,8.72,80.0,350.0,4.5,4,8,"[['Aubs', 4.0], ['Robert chunn', 5.0], ['Nicole Service', 5.0], ['Christian Garcia', 5.0], ['Jennifer', 5.0], ['Steven Williams', 5.0], ['Jennine Cabrera', 5.0], ['Katie Mellema', 5.0], ['Brendan Listermann', 5.0], ['Christopher Marrero', 4.0], ['Leah Thomson', 4.0], ['Thorne', 5.0], ['Amanda S.', 4.0], ['Rocío Cano', 4.0]]","['garlic ', 'asparagus ', 'olive oil ', 'salt ', 'black pepper ', 'grated Parmesan cheese ']",https://www.yummly.com/recipe/One-Pan-Garlic-Parmesan-Asparagus-9029419
106,"Vegan Chickpea ""Meatloaf""",3.5,75.0,32.35,380.0,320.0,8.0,18,62,"[['Alex Hayes', 5.0], ['Robert Kelly', 3.0], ['Veronica L.', 1.0], ['Johnny R.', 1.0], ['Rock Francis', 5.0], ['Siobhan King', 5.0], ['Dawn H.', 5.0]]","['nonstick cooking spray ', 'garbanzo beans ', 'panko breadcrumbs ', 'unsweetened almond milk ', 'ground flaxseeds ', 'ketchup ', 'tamari ', 'vegan Worcestershire sauce ', 'garlic powder ', 'onion powder ', 'dried oregano ', 'black pepper ', 'cayenne ', 'ketchup ', 'ketchup ']",https://www.yummly.com/recipe/Vegan-Chickpea-_Meatloaf_-9083673
107,Sheet Pan French Toast for a Crowd,4.5,28.0,35.71,150.0,125.0,9.0,4,13,"[['Karen Gibson', 4.0], ['Narjess', 5.0], ['Jendrey', 5.0], ['M AlT', 5.0], ['Emily Schlager', 5.0], ['Sarah :.', 5.0], ['Valentina Palacio', 5.0], ['Debbie C.', 5.0], ['yc l.', 5.0], ['Cel', 5.0], ['Eddie', 5.0]]","['challa ', 'butter ', 'eggs ', 'whole milk ', 'sugar ', 'cinnamon ', 'vanilla extract ', 'salt ', 'maple syrup ']",https://www.yummly.com/recipe/Sheet-Pan-French-Toast-for-a-Crowd-9029521
109,Easy Sesame-Glazed Roast Vegetables,3.0,35.0,30.9,160.0,570.0,7.0,4,23,"[['Enedelia Sanchez', 5.0], ['Joy', 5.0], ['Lia', 5.0], ['Kimberly Dorsey', 4.0], ['Jen', 5.0], ['Max', 1.0], ['Bama F.', 5.0], ['Karen Riley', 1.0]]","['green bell pepper ', 'red bell pepper ', 'red onion ', 'broccoli florets ', 'sesame oil ', 'honey ', 'reducedsodium soy sauce ', 'garlic powder ', 'ground ginger ']",https://www.yummly.com/recipe/Easy-Sesame-Glazed-Roast-Vegetables-9029549
113,Chewy-Crispy Peanut Butter Cookies,4.5,25.0,26.41,410.0,260.0,21.0,7,49,"[['Charles Tribbey', 5.0], ['Sydney Wagner', 5.0], ['Dee Gorham', 5.0], ['Kirra Hall', 4.0], ['Ismael', 4.0], ['Shahima A.', 5.0], ['Phillips', 4.0], ['Mari Scott', 5.0], ['Karli R.', 4.0], ['Jillian Currier', 5.0], ['Davidson', 4.0], ['Delerue', 5.0], ['Jessica Blesses', 5.0], ['Norelys', 5.0], ['Jeannette Eberle', 4.0], ['Johnson', 5.0], ['Loshbaugh', 5.0], ['Regina H.', 5.0], ['Sarah McChesney', 5.0], ['sup', 5.0], ['Melissa F.', 4.0], ['Kryszak', 5.0], ['Sue', 5.0], ['Alex D.', 5.0], ['Edgy Boi', 4.0], ['Jennifer Sue', 5.0], ['Jack Abu-Aldenein', 5.0], ['Rachel Wsf', 4.0], ['Rose', 4.0], ['Sophie Binns', 5.0]]","['unsalted butter ', 'creamy peanut butter ', 'granulated sugar ', 'light brown sugar ', 'honey ', 'vanilla extract ', 'eggs ', 'allpurpose flour ', 'baking soda ', 'salt ']",https://www.yummly.com/recipe/Chewy-Crispy-Peanut-Butter-Cookies-9029511
114,Cheesy Egg And Hashbrown Casserole,4.5,50.0,12.15,300.0,580.0,20.0,14,16,"[['Aneka Stuart', 5.0], ['Stephanie Vizcarra', 4.0], ['Cathelencia Francisque', 5.0], ['Rory B.', 4.0], ['Michelle Danko', 5.0], ['Jordan', 4.0]]","['butter ', 'frozen hash brown potatoes ', 'eggs ', 'whole milk ', 'salt ', 'black pepper ', 'shredded cheddar cheese ']",https://www.yummly.com/recipe/Cheesy-Egg-And-Hashbrown-Casserole-9029559
116,Best Ever Chocolate Chip Blondies,5.0,50.0,20.05,400.0,240.0,21.0,4,53,"[['Ashley Y.', 5.0], ['zahra naderi', 5.0], ['Pate', 5.0], ['SH', 5.0], ['Joe Falletta', 5.0], ['Melissa Guyre', 5.0]]","['nonstick cooking spray ', 'granulated sugar ', 'light brown sugar ', 'vanilla extract ', 'unsalted butter ', 'large egg ', 'allpurpose flour ', 'corn starch ', 'baking soda ', 'salt ', 'chocolate chips ']",https://www.yummly.com/recipe/Best-Ever-Chocolate-Chip-Blondies-9029524
117,Smoked Sausage Alfredo with Hillshire Farm® Smoked Sausage,4.5,15.0,22.58,350.0,150.0,21.0,9,31,"[['Nicholas', 5.0], ['Keenan', 5.0], ['Kim', 4.0], ['Christie-Lee K.', 4.0], ['Paige Redwine', 5.0], ['Rae', 1.0], ['Krcil', 5.0], ['Robert Kelly', 5.0], ['Marina Diaz', 5.0], ['Cara Rivera', 5.0], ['Judit Schmidt', 5.0], ['Trisha L.', 4.0], ['Shadow Fire', 4.0], ['Chef E', 4.0], ['Robert Freeland', 4.0], ['Courtney Wason', 4.0], ['Lu', 5.0], ['Israel', 5.0], ['Vicky McKinnon', 5.0], ['chris w.', 5.0], ['Linda', 5.0], ['Rita Black', 5.0], ['alicia k.', 5.0], ['Amanda Mumberson', 4.0], ['Kalin', 5.0], ['Randy K.', 5.0], ['Christine', 5.0], ['Jennifer Medders', 5.0], ['Mark Miller', 5.0], ['Megan Dye', 5.0]]","['chives ', 'Hillshire Farm Smoked Sausage ', 'pasta ', 'heavy cream ', 'cajun seasoning ', 'grated Parmesan cheese ', 'cherry tomatoes ']",https://www.yummly.com/recipe/Smoked-Sausage-Alfredowith-Hillshire-Farm-Smoked-Sausage-9057797
121,"Easy Sheet Pan Greek Chicken with Grape Tomatoes, Artichoke Hearts, and Red Onion",4.5,35.0,32.31,500.0,980.0,29.0,44,18,"[['Clark Potter', 5.0], ['JamieLee', 5.0], ['N', 4.0], ['ginny', 5.0], ['Brian Hempel', 5.0], ['Laura Richards', 5.0], ['Joshua Bibbee', 4.0], ['Caviglioli', 5.0], ['Costello', 5.0], ['Brett Bagwell', 5.0], ['Erika L.', 4.0], ['Lisa Baker', 5.0], ['Jake Moore', 4.0], ['Joe Yanos', 4.0], ['User Testing Chef', 5.0], ['Wall', 5.0]]","['chicken breasts ', 'salt ', 'black pepper ', 'grape tomatoes ', 'red onion ', 'artichoke hearts ', 'salt ', 'black pepper ', 'garlic ', 'olive oil ', 'red wine vinegar ', 'balsamic vinegar ', 'dried oregano ', 'dried dill ', 'pitted kalamata olives ', 'feta cheese crumbles ']",https://www.yummly.com/recipe/Easy-Sheet-Pan-Greek-Chicken-with-Grape-Tomatoes_-Artichoke-Hearts_-and-Red-Onion-9084764
122,Dairy-Free Herb-Stuffed Mushrooms,4.5,36.0,19.39,20.0,125.0,1.5,1,2,"[['Malach', 5.0], ['Gayle Rafferty', 4.0], ['Rebecca', 5.0], ['Drina', 5.0], ['Jessica DeWitt', 5.0], ['Vikky Engebretson', 5.0]]","['cremini mushrooms ', 'dayold baguette ', 'dried parsley ', 'dried thyme ', 'garlic powder ', 'salt ', 'black pepper ', 'egg ', 'mayonnaise ', 'Dijon mustard ']",https://www.yummly.com/recipe/Dairy-Free-Herb-Stuffed-Mushrooms-9029483
124,Apple Cinnamon Muffins,4.5,33.0,49.26,240.0,280.0,11.0,3,33,"[['Giselle Allen', 4.0], ['Ana Licul', 5.0], ['Coty Vance', 4.0], ['Vaneza Garcia', 5.0], ['Melissa Longo', 5.0], ['Karen W.', 4.0]]","['unsalted butter ', 'light brown sugar ', 'vanilla extract ', 'large eggs ', 'sour cream ', 'milk ', 'all purpose flour ', 'cinnamon ', 'ground nutmeg ', 'ground cloves ', 'allspice ', 'baking powder ', 'baking soda ', 'salt ', 'Granny Smith apples ']",https://www.yummly.com/recipe/Apple-Cinnamon-Muffins-2440472
126,Parmesan Crusted Baked Pork Chops,4.5,35.0,11.45,430.0,860.0,35.0,22,5,"[['antonio matthews', 4.0], ['Leah', 4.0], ['Tighe', 4.0], ['Larracuente-Ocasio', 5.0], ['Judy Gomez', 4.0], ['Lois S.', 5.0], ['Patil', 5.0], ['Sam Flatt', 5.0], ['KIM', 5.0], ['DabQueenSyren Leier', 5.0], ['06', 5.0], ['Rita Stites', 5.0], ['Wendy', 5.0], ['Victoria', 5.0]]","['bonein pork chops ', 'salt ', 'black pepper ', 'panko bread crumbs ', 'grated Parmesan cheese ', 'garlic powder ', 'black pepper ', 'salted butter ']",https://www.yummly.com/recipe/Parmesan-Crusted-Baked-Pork-Chops-2465569
129,Quick Margherita Naan Pizza,5.0,19.0,31.12,50.0,135.0,0.5,2,10,"[['Zach Dabrowski', 5.0], ['Marcus Hanna', 5.0], ['JaxBox', 5.0], ['Margaux', 5.0], ['Hope', 5.0], ['Zoe', 5.0], ['Edison', 5.0], ['Jon Wolfsen', 5.0], ['Sky P', 5.0], ['Cristobal Rendon', 5.0], ['Rodrigo Espinoza', 5.0], ['Kayla Furmanek', 5.0], ['Ana Santiago-Akyurek', 5.0], ['Anthony Sanchez', 5.0], ['Jordan Van Daalen', 5.0], ['Keri Ann', 5.0], ['Оля Балєнсіага', 5.0]]","['naan ', 'olive oil ', 'pizza sauce ', 'fresh mozzarella cheese ', 'large tomato ', 'garlic ', 'basil leaves ', 'sea salt flakes ']",https://www.yummly.com/recipe/Quick-Margherita-Naan-Pizza-9029495
130,Double Chocolate Chip Cookies,4.5,27.0,28.15,410.0,230.0,21.0,5,60,"[['ShirleyRudowicz', 1.0], ['KB', 5.0], ['alejandra canela', 5.0], ['Dodd', 5.0], ['Jene', 5.0]]","['unsalted butter ', 'light brown sugar ', 'granulated sugar ', 'eggs ', 'vanilla extract ', 'all purpose flour ', 'unsweetened cocoa powder ', 'baking soda ', 'cornstarch ', 'salt ', 'chocolate chips ', 'flaky sea salt ']",https://www.yummly.com/recipe/Double-Chocolate-Chip-Cookies-2684104
133,Easy Pork Chops with Roasted Vegetables,4.5,42.0,14.19,470.0,1020.0,33.0,23,23,"[['Blake Bowles', 5.0], ['Rachel Haberman', 5.0], ['Leon Tomić', 4.0], ['Michael Floyd', 5.0], ['Laura Tolbert', 5.0], ['Jessica K.', 5.0], ['Williamson', 5.0], ['Perez', 4.0], ['Stephanie Mejia', 5.0], ['Johnson', 5.0], ['Laura Hampel', 4.0], ['Jim', 5.0], ['Dora', 4.0], ['Greg Miller', 5.0], ['Renee Latham', 4.0], ['Arona Niang', 5.0], ['Samantha Hern', 4.0], ['Walker', 4.0]]","['mixed vegetables ', 'olive oil ', 'salt ', 'black pepper ', 'bonein pork chops ', 'garlic powder ', 'paprika ']",https://www.yummly.com/recipe/Easy-Pork-Chops-with-Roasted-Vegetables-2465566
138,Baked Ziti Alfredo,4.5,48.0,37.54,760.0,950.0,38.0,29,73,"[['Kristin Baker', 5.0], ['Junge', 5.0], ['Lorina Taylor', 5.0], ['Tammy Predovic', 5.0], ['Jojo P', 5.0], ['Bo Foss', 5.0], ['Michael Floyd', 5.0], ['Greetings Supreme Overlord', 4.0], ['Loren', 5.0], ['Alexis', 5.0], ['Kiara', 5.0]]","['ziti ', 'salt ', 'unsalted butter ', 'all purpose flour ', 'whole milk ', 'heavy cream ', 'cream cheese ', 'grated Parmesan cheese ', 'shredded mozzarella cheese ', 'black pepper ', 'garlic powder ']",https://www.yummly.com/recipe/Baked-Ziti-Alfredo-2684077
139,Easy Baked Salmon with Herb Butter,4.5,22.0,17.69,300.0,360.0,21.0,23,4,"[['PassionateFoodie', 5.0], ['Daryl B.', 5.0], ['Darian Banks', 5.0], ['Cheroya davenpoort', 5.0], ['Cave', 5.0], ['Connie Goodsell', 4.0], ['kat!', 4.0], ['User Testing Chef', 5.0]]","['salmon fillets ', 'salt ', 'black pepper ', 'black pepper ', 'unsalted butter ', 'fresh herbs ', 'garlic ', 'lemon ']",https://www.yummly.com/recipe/Easy-Baked-Salmon-with-Herb-Butter-9029456
141,Cinnamon Roll Cookies,4.5,32.0,27.09,320.0,210.0,14.0,3,45,"[['Emily Heffner', 5.0], ['Noah Wilson', 5.0], ['Nicolae Rusnac', 3.0], ['Kerri R', 5.0], ['Steven', 3.0], ['Knight Woods', 5.0], ['Tilly', 4.0], ['Shahima', 5.0], ['Dan', 5.0], ['Jessica Decker', 5.0], ['Sarah Major', 4.0], ['Babkak The Magnificent', 5.0], ['Kari b Dickson', 4.0], ['Leason', 3.0], ['Mrs. B', 5.0], ['gigi', 5.0]]","['unsalted butter ', 'granulated sugar ', 'egg ', 'vanilla extract ', 'all purpose flour ', 'baking soda ', 'salt ', 'light brown sugar ', 'ground cinnamon ', 'unsalted butter ', 'powdered sugar ', 'milk ']",https://www.yummly.com/recipe/Cinnamon-Roll-Cookies-2376887
147,Sheet Pan Italian Chicken Dinner,4.5,25.0,44.7,620.0,780.0,30.0,75,8,"[['Theresa H.', 4.0], ['Amy Powell', 5.0], ['Nellie Thorpe', 5.0], ['Irena', 5.0], ['Mindy Huffman', 5.0], ['Hip Hippie', 5.0], ['Kate', 5.0], ['Maika Sakuraba', 3.0], ['Dunno', 2.0], ['Cordis Miller', 5.0], ['Maly Pimentel', 5.0], ['K.', 5.0], ['Lindsey’s Kitchen', 5.0], ['Tiffany Beavor', 5.0], ['Mike L.', 4.0], ['Timothy Janas', 5.0]]","['boneless skinless chicken breast ', 'extra virgin olive oil ', 'balsamic vinegar ', 'garlic powder ', 'dried parsley ', 'dried basil ', 'dried oregano ', 'salt ', 'black pepper ', 'cherry tomatoes ', 'fresh mozzarella ', 'fresh basil leaves ', 'cracked black pepper ']",https://www.yummly.com/recipe/Sheet-Pan-Italian-Chicken-Dinner-9130689
154,Fat-Free Seasoned Sweet Potato Fries,4.5,30.0,7.23,110.0,360.0,0.5,3,25,"[['Yazc', 5.0], ['Chrismaly Vidal', 4.0], ['Esterhuyse', 4.0], ['Annie Banda', 5.0], ['Bionca Bradley', 4.0], ['Kala Rowe', 5.0], ['Sanders', 5.0], ['Chisom Nwankwo', 5.0], ['Xav', 3.0], ['Lorie A.', 5.0], ['Jane Thompson', 3.0], ['Breakfast, Lunch, Dinner And Desserts', 5.0], ['Tyron Schwartz', 5.0], ['Melissa', 5.0]]","['sweet potatoes ', 'garlic powder ', 'salt ', 'paprika ', 'black pepper ', 'nonstick cooking spray ']",https://www.yummly.com/recipe/Fat-Free-Seasoned-Sweet-Potato-Fries-9029470
157,Sesame Fried Egg and Mushroom Quinoa Bowls,5.0,45.0,32.5,650.0,1270.0,30.0,31,68,"[['Meysam Poorkavoos', 5.0], ['Nakeisha Hay', 5.0], ['Tina Bhakta', 5.0], ['Abigail Cachia', 5.0], ['Desniege Joseph', 5.0]]","['yellow onion ', 'toasted sesame oil ', 'large eggs ', 'vegetable oil ', 'chicken broth ', 'mirin ', 'soy sauce ', 'vegetable oil ', 'salt ', 'quinoa ', 'cremini mushrooms ', 'unsalted butter ', 'black pepper ', 'salt ', 'garlicinfused oil ', 'frozen edamame ', 'salt ', 'roasted seaweed ', 'green onion ', 'black sesame seeds ', 'toasted sesame oil ']",https://www.yummly.com/recipe/Sesame-Fried-Egg-and-Mushroom-Quinoa-Bowls-9124897
159,Basic Roasted Chicken,4.5,100.0,18.99,570.0,610.0,41.0,44,4,"[['Jo LeRoy', 5.0], ['Sydney', 3.0], ['Tara D.', 4.0], ['Lee', 5.0], ['Maerinez', 5.0]]","['roasting chicken ', 'garlic ', 'salt ', 'black pepper ', 'butter ', 'olive oil ', 'onion ', 'fresh parsley ', 'fresh thyme ', 'lemon ']",https://www.yummly.com/recipe/Basic-Roasted-Chicken-2376893
161,Classic Apple Pie,4.5,87.0,39.55,450.0,340.0,21.0,6,63,"[['Christine Eggestein', 4.0], ['Richard', 5.0], ['Camila Cornejo', 2.0], ['Mairym F.', 5.0], ['The Introverted Cupcake', 5.0], ['Padfoot', 5.0], ['Jason L.', 5.0], ['gabrielle', 5.0], ['Jamie Stricklen', 1.0], ['Adi Nahum', 5.0], ['Matt B.', 5.0], ['Alene Fernandis', 5.0]]","['pie crust ', 'granny smith apples ', 'lemon ', 'granulated sugar ', 'brown sugar ', 'allpurpose flour ', 'cinnamon ', 'nutmeg ', 'allspice ', 'ground cloves ', 'salt ', 'eggs ', 'water ', 'vanilla ice cream ']",https://www.yummly.com/recipe/Classic-Apple-Pie-9029499
164,Vegan Black Bean Enchiladas,4.5,60.0,24.05,100.0,470.0,2.5,5,15,"[['Michael S.', 5.0], ['Angelique Wheeler', 5.0], ['monica russo', 5.0], ['Tayla Macbeth', 5.0], ['McKenzie B.', 4.0], ['Stacy Merchant', 5.0], ['Cienna Davis', 5.0], ['Leigh Wood', 5.0], ['Brandalyn Vande Hei', 5.0], ['Jennie', 5.0], ['Ashley L.', 5.0], ['Amy Arnold', 5.0], ['Rochlen', 4.0], ['Ciara', 5.0], ['lindsay', 5.0], ['Joyce Thong', 3.0], ['Desniege Joseph', 5.0], ['Laura Baker', 5.0], ['samm h.', 5.0], ['Lively', 5.0], ['Tomas Lekstutis', 5.0], ['Amanda Cole', 5.0], ['Crystal Herron', 5.0], ['Radcliffe', 5.0], ['Kevin Lewis', 5.0], ['Haymond', 5.0], ['Erin', 5.0], ['Keera Bonar', 5.0], ['Mandy Screven', 5.0], ['Greg & Karol', 5.0]]","['red enchilada sauce ', 'red onion ', 'red bell pepper ', 'jalapeno pepper ', 'garlic cloves ', 'olive oil ', 'black beans ', 'Hatch mild diced green chiles ', 'salt ', 'black pepper ', 'ground cumin ', 'ground coriander ', 'dried oregano ', 'soft corn tortillas ', 'finely chopped cilantro ']",https://www.yummly.com/recipe/Vegan-Black-Bean-Enchiladas-9116010
165,Skillet Chicken Tacos,4.5,30.0,13.59,330.0,800.0,15.0,23,24,"[['Sean Owen', 5.0], ['Nachila Ortiz', 5.0], ['Lynley', 5.0], ['rezist la victoriei', 5.0], ['Bris', 5.0], ['Rhonda', 5.0], ['Philip Aston', 4.0], ['Lilah Hedgison', 4.0], ['Merisa Early', 5.0], ['Faizan Sheikh', 5.0], ['Natalie Adams', 5.0], ['Grimm', 3.0], ['Kesha NewJourney', 4.0], ['Kelly', 2.0], ['Renee', 5.0], ['Ricky Ricardo', 5.0], ['Ben & Kelsey Smith', 5.0], ['Hali Kirk', 5.0], ['Brandon Koski', 5.0], ['Mark M.', 5.0], ['patrice d.', 5.0], ['Brad', 5.0], ['Wil McGriff', 4.0], ['Joshua Epkins', 5.0], ['Tyler', 4.0], ['Judy Yu', 1.0], ['Deandre Small', 5.0], ['Vo', 5.0], ['Sarah Weinberg', 5.0], ['Sanam Owens', 5.0]]","['Tyson Fresh Boneless Skinless Chicken Thighs ', 'taco seasoning mix ', 'water ', 'flour tortillas ', 'refried beans ', 'Mexican cheese blend ']",https://www.yummly.com/recipe/Skillet-Chicken-Tacos-9063800
171,Cheesy Gluten-Free Cauliflower Crust Pizzas,4.5,65.0,34.53,80.0,380.0,3.0,4,9,"[['Nunez Paredes', 5.0], ['Swetha V.', 5.0], ['Gabrielle Lafreniere', 3.0], ['rezist la victoriei', 4.0], ['Grant Kreeger', 5.0], ['Carney', 4.0], ['Nekole Chavez', 5.0], ['Laura Borges', 5.0], ['Ella', 5.0], ['Fabiënne van Hooren', 4.0], ['Davide Aimar', 4.0], ['Kristin Cook', 4.0], ['Nate Garrett', 3.0], ['Seitz', 5.0], ['Madu', 5.0], ['Speedhunter', 5.0], ['Gardner', 4.0], ['Christina', 5.0], ['Meghan Jolley J.', 5.0], ['Uf G Ug', 5.0], ['User Testing Chef', 5.0]]","['frozen riced cauliflower ', 'garlic powder ', 'salt ', 'black pepper ', 'eggs ', 'corn starch ', 'egg whites ', 'pizza sauce ', 'mozzarella cheese ', 'Italian seasoning ']",https://www.yummly.com/recipe/Cheesy-Gluten-Free-Cauliflower-Crust-Pizzas-9029482
172,Easy Chicken Enchiladas Verdes,4.5,42.0,23.27,450.0,990.0,26.0,24,30,"[['Wagner', 4.0], ['KB', 5.0], ['Oliver Moreau', 5.0], ['Barragree', 5.0], ['Osborne', 5.0], ['Allison Whisler', 5.0], ['Allison', 5.0], ['SteveW', 4.0], ['Summer T.', 5.0]]","['salsa verde ', 'rotisserie chicken ', 'sour cream ', 'ground cumin ', 'ground coriander ', 'garlic powder ', 'shredded Mexican style cheese ', 'soft corn tortillas ', 'shredded Mexican style cheese ', 'cilantro ']",https://www.yummly.com/recipe/Easy-Chicken-Enchiladas-Verdes-9083652
174,Classic Creamy Chicken Pot Pie,4.5,87.0,28.2,350.0,430.0,23.0,12,25,"[['traci', 4.0], ['JoAnn', 5.0], ['Max Kass', 5.0], ['Matt', 5.0], ['Joshua Edwards', 5.0], ['T', 5.0], ['grabits', 5.0], ['Jackie', 5.0], ['Alek Corona', 5.0], ['Nikia W.', 5.0], ['Susie Noles', 5.0], ['Paige Reinert', 4.0], ['Kirsten', 5.0], ['Kellie Roesler', 5.0], ['Holly', 5.0], ['Lisa Vinton', 5.0], ['Laurie Wardle', 5.0], ['Paprika114 ..', 5.0], ['Gfg', 5.0], ['Roxanne D', 5.0], ['Melody', 4.0], ['Emma English', 5.0], ['Betty Martinez', 5.0], ['chandler akel', 5.0], ['Sherry Banner', 5.0], ['Davidson', 4.0], ['Jane', 2.0], ['Darrell A.', 5.0], ['Zamina', 4.0]]","['pie crust ', 'rotisserie chicken ', 'small yellow onion ', 'medium carrot ', 'celery ', 'garlic ', 'fresh thyme leaves ', 'salt ', 'black pepper ', 'unsalted butter ', 'frozen peas ', 'frozen corn ', 'allpurpose flour ', 'chicken broth ', 'heavy cream ']",https://www.yummly.com/recipe/Classic-Creamy-Chicken-Pot-Pie-9029501
180,Blueberry Coffee Cake,4.5,55.0,37.93,350.0,220.0,15.0,4,49,"[['Michalina Gil', 5.0], ['Violet Aragon', 5.0], ['Rangan', 5.0], ['Gess', 1.0], ['Cheryl M.', 5.0]]","['nonstick cooking spray ', 'unsalted butter ', 'granulated sugar ', 'vanilla extract ', 'large eggs ', 'sour cream ', 'cake flour ', 'baking powder ', 'baking soda ', 'salt ', 'fresh blueberries ', 'all purpose flour ', 'light brown sugar ', 'granulated sugar ', 'cinnamon ', 'salt ', 'unsalted butter ']",https://www.yummly.com/recipe/Blueberry-Coffee-Cake-9115995
181,Sopapilla Cheesecake Bars,4.5,60.0,17.56,390.0,240.0,27.0,3,36,"[['Lynn Schouten', 5.0], ['Deborah Holland', 4.0], ['McFarland', 5.0], ['Sean Clifton', 5.0], ['Brandi Whitfield', 4.0]]","['refrigerated crescent roll dough ', 'cream cheese ', 'granulated sugar ', 'vanilla extract ', 'refrigerated crescent roll dough ', 'butter ', 'granulated sugar ', 'cinnamon ']",https://www.yummly.com/recipe/Sopapilla-Cheesecake-Bars-9085194
196,"Chicken, Bacon, and Pesto Potato Skins",3.5,115.0,21.4,350.0,480.0,21.0,16,24,"[['Matt G', 4.0], ['jason', 4.0], [""Renee' Melroy"", 5.0], ['Arielle Nunn', 5.0], ['KidChef', 1.0], ['Jeffrey Crouch', 4.0]]","['russet potatoes ', 'bacon ', 'nonstick cooking spray ', 'salt ', 'black pepper ', 'sour cream ', 'basil pesto ', 'salt ', 'black pepper ', 'cooked chicken ', 'shredded cheddar cheese ', 'shredded cheddar cheese ']",https://www.yummly.com/recipe/Chicken_-Bacon_-and-Pesto-Potato-Skins-9092199
197,Garlic-Butter Baked Chicken Breasts with Cheese,4.5,35.0,21.47,300.0,400.0,16.0,36,1,"[['pamela kent', 5.0], ['Juan Concepcion', 4.0], ['Leah Larson', 4.0], ['Crystal Jacox', 5.0], ['Lady', 4.0], ['Ivy Flores', 5.0], ['Melissa Fandrey', 5.0], ['Karleigh Sohnrey', 5.0], ['Stephon Schoonmaker', 4.0], ['Stan Jacobs', 5.0], ['Heather Comartin', 4.0], ['danielle', 5.0], ['Chris Bussanich', 5.0], ['Jen', 5.0], ['Amanda Lloyd', 5.0], ['My Princess', 5.0], ['Griff', 5.0], ['Ms. Rheine', 5.0]]","['nonstick cooking spray ', 'boneless skinless chicken breasts ', 'sea salt ', 'black pepper ', 'salted butter ', 'garlic ', 'Italian seasoning ', 'shredded cheese ']",https://www.yummly.com/recipe/Garlic-Butter-Baked-Chicken-Breasts-with-Cheese-9092202
198,Super Easy Banana Muffins,4.5,41.0,78.27,210.0,250.0,8.0,3,30,"[['Honey', 5.0], ['Nika', 5.0], ['Maysah Wilsenack', 5.0], ['Clay Berlo', 5.0], ['Connor', 5.0], ['Nancy Redfern', 5.0], ['andreea u.', 5.0], ['Sue Morgan', 5.0], ['Megan', 5.0], ['Mireilly Smith Adrover', 4.0], ['Deborah Holland', 4.0], ['wambui', 4.0], ['Kim Rious', 5.0], ['Marie Rose Mikhael', 5.0], ['Steven M.', 5.0], ['McArdle', 5.0], ['Nichelle Skarsgård', 5.0], ['Lily Villarreal', 5.0], ['Parisa Moradi', 5.0], ['Banfe', 5.0], ['Kenneth', 5.0], ['tanya t.', 5.0], ['Rodina Bryant', 5.0], ['Ode-el', 5.0], ['Berving', 5.0], ['Morgan Hudson', 5.0], ['Jennifer Tubbs', 5.0], ['Marcello De Wit', 5.0], ['Simon Due', 5.0], ['Dawn', 5.0]]","['large bananas ', 'canola oil ', 'granulated sugar ', 'light brown sugar ', 'vanilla extract ', 'large eggs ', 'allpurpose flour ', 'cinnamon ', 'baking powder ', 'baking soda ', 'salt ']",https://www.yummly.com/recipe/Super-Easy-Banana-Muffins-9029432
202,Easy Honey-Balsamic Asparagus,4.5,22.0,16.12,80.0,300.0,3.5,3,11,"[['Campbell', 5.0], ['Haro', 5.0], ['Benjamin J.', 4.0], ['Clare L.', 4.0], ['Patrick S.', 4.0], ['Vicky', 4.0], ['Lauren Renslow', 4.0], ['Kaur', 5.0], ['Colleen Helgason', 5.0], ['tre trigga', 5.0], ['Paul LoPresti', 5.0], ['Daniel', 5.0], ['R Davis', 4.0], ['Nicole Reitnauer', 4.0], ['Jellila K.', 5.0], ['Linnea Curtiss', 5.0], ['Vereen', 5.0], ['Friedrichsen', 5.0], ['Ruth Rangan', 5.0], ['Mary', 4.0], ['Paulina M.', 5.0], ['Donna T.', 5.0]]","['garlic ', 'asparagus ', 'olive oil ', 'salt ', 'black pepper ', 'balsamic vinegar ', 'honey ']",https://www.yummly.com/recipe/Easy-Honey-Balsamic-Asparagus-9029420
213,Easy Korean Sticky Chicken,4.5,20.0,28.77,370.0,650.0,19.0,35,12,"[['Big Potato Jo', 5.0], ['Peek', 4.0], ['Kian', 5.0], ['Rosemary McDowney', 5.0], ['Julia Lukowsky', 5.0], ['Esther Faith Porras', 4.0], ['Portalatin-Walker', 4.0], ['Stephanie L.', 4.0], ['Abigail Ouellette', 5.0], ['Kate B.', 5.0], ['M Grant', 5.0], ['Lakia Poole', 5.0], ['Jess', 4.0], ['Emelie Fredholm', 5.0], ['Rebecca', 5.0], ['Jason D.', 5.0], ['Reynolds', 5.0], ['KB', 5.0], ['Jackie Nesnow-Bucholtz', 5.0], ['Evan Fix', 5.0], ['Jayne Matthews Misap', 5.0], ['Michelle', 5.0], ['Ti', 4.0], ['YumChef', 5.0], ['Brad J.', 4.0], ['Brittany Olinek', 5.0], ['D', 5.0], ['Bris', 3.0], ['Kallysta Wilkerson', 5.0], ['Iopa Wolman', 5.0]]","['green onions ', 'boneless skinless chicken thighs ', 'salt ', 'cornstarch ', 'water ', 'fresh ginger ', 'garlic ', 'gochujang ', 'mirin ', 'honey ', 'toasted sesame oil ', 'seasoned rice vinegar ', 'vegetable oil ', 'toasted sesame seeds ']",https://www.yummly.com/recipe/Easy-Korean-Sticky-Chicken-9101934
215,Awesome Bacon And Potato Egg Casserole,4.5,55.0,11.79,350.0,700.0,25.0,15,16,"[['Dom', 3.0], ['Hi Jeff And Deon', 5.0], ['Davey', 4.0], ['Nolan', 5.0], ['Sara B.', 3.0], ['Falon Richards', 5.0], ['jacob dolin', 5.0], ['Dudley Bourgeois', 3.0], ['Deb', 4.0], ['Melinda Fancsal', 5.0], ['Kerry Markley', 4.0], ['Mrs. Dee', 4.0], ['Beth Reece', 5.0], ['Ann Burch', 5.0], ['Raquel A.', 4.0], ['Isabella', 5.0], ['Kelly', 4.0]]","['bacon ', 'frozen hash brown potatoes ', 'eggs ', 'whole milk ', 'salt ', 'black pepper ', 'shredded cheddar cheese ']",https://www.yummly.com/recipe/Awesome-Bacon-And-Potato-Egg-Casserole-9029554
219,Roasted Chickpeas,4.5,35.0,10.24,140.0,750.0,3.5,5,23,"[['Nalini Sanjith', 4.0], ['Veronica Allende', 5.0], ['Kent Webber', 4.0], ['David Jackson', 4.0], ['Robert Kelly', 3.0], ['Emma Gendall', 3.0], ['Brittani Lee', 5.0], ['Lisa Ritchel', 5.0], ['Elijah Ruby', 4.0], ['Nathan Berry', 4.0], ['Jamie Addy-Houser', 3.0], ['Anneli', 5.0], ['April', 5.0], ['C.', 5.0], ['Sarah', 5.0], ['Sarah Grimm', 3.0], ['Kayla Moses', 5.0], ['Marlene Evans', 4.0], ['cocinera', 5.0], ['Nicole Bergstedt', 5.0], ['du Toit', 5.0], ['Ailbhe Kelly', 3.0], ['amee', 5.0], ['Mia', 5.0], ['marixa gonzalez', 5.0], ['Mitsuriya', 5.0], ['Barbara Miller', 5.0], ['Katelyn', 5.0], ['Maddy', 3.0], ['mark simpson', 4.0]]","['chickpeas ', 'olive oil ', 'kosher salt ', 'smoked paprika ', 'garlic powder ']",https://www.yummly.com/recipe/Roasted-Chickpeas-2528816
221,Vegan Baked Ziti,4.5,75.0,34.57,360.0,610.0,10.0,17,53,"[['Avni Desai', 5.0], ['Héloïse Vandekerckhove', 5.0], ['Michelle Rodgers', 4.0], ['LaShunda', 4.0], ['Ann S.', 5.0], ['Cameron Fontenot', 5.0]]","['ziti ', 'firm tofu ', 'olive oil ', 'lemon ', 'nutritional yeast ', 'salt ', 'black pepper ', 'garlic powder ', 'Italian seasoning ', 'marinara sauce ', 'vegan Parmesan cheese ']",https://www.yummly.com/recipe/Vegan-Baked-Ziti-2684090
223,Restaurant-Style Loaded Chicken Nachos,4.5,21.0,42.43,990.0,810.0,51.0,46,89,"[['Quinn Nutter', 4.0], ['Robert K.', 5.0], ['efan-rhys Mottershead', 5.0], ['Bridget Garcia', 4.0], ['Roberto Preble', 5.0], ['Kiara', 5.0], ['Michael Floyd', 5.0], ['Joshua Bibbee', 5.0], ['Sahm', 5.0], ['Lenka Copus', 5.0], ['Uma S. Devireddy', 5.0], ['Manthey', 5.0], ['lodi h.', 5.0], ['Bredlau', 5.0], ['Kathy Kay', 5.0], ['Shantel Woodberry', 4.0], ['Michele', 5.0], ['Grice', 5.0], ['Sarah Jane', 5.0], ['James Simonetti', 3.0], ['Kathleen Joyner', 5.0], ['Mel', 5.0], ['rezist la victoriei', 5.0], ['Parks', 5.0], ['Bustamante', 3.0], ['Isabel Q.', 4.0], ['Julia L.', 5.0], ['Ann R.', 5.0]]","['ground chicken ', 'olive oil ', 'chili powder ', 'cumin ', 'coriander ', 'garlic powder ', 'dried oregano ', 'salt ', 'black pepper ', 'black beans ', 'corn tortilla chips ', 'shredded Mexican cheese blend ', 'tomatoes ', 'red onion ', 'jalapeno chilies ', 'cilantro leaves ', 'avocado ', 'sliced black olives ', 'lime ', 'sour cream ']",https://www.yummly.com/recipe/Restaurant-Style-Loaded-Chicken-Nachos-9029506
229,Gluten-Free Baked Chicken Tenders,5.0,50.0,14.97,490.0,650.0,20.0,23,56,"[['Kenya Blandin', 5.0], ['Justin Henninge', 5.0], ['Cassandra Cannon-Davis', 5.0], ['Veronica Mounts', 5.0], ['KB', 5.0]]","['chicken breast tenderloins ', 'salt ', 'black pepper ', 'gluten free all purpose flour ', 'egg ', 'Corn Flakes Cereal ', 'salt ', 'canola oil cooking spray ']",https://www.yummly.com/recipe/Gluten-Free-Baked-Chicken-Tenders-9073117
230,Easy Baked Sweet Potato Fries ,4.5,30.0,3.46,130.0,360.0,3.5,3,24,"[['Victoria Hearne', 4.0], ['Stacey Trone', 5.0], ['Jeanie May-Sztukowski', 5.0], ['Mom', 4.0], ['Myers', 4.0], ['Pam Parrott', 3.0], ['Mickey Brasure', 4.0], ['Beatriz Parra', 5.0], ['Nathalie Green', 4.0], ['Ward', 5.0], ['Natalia', 5.0], ['Bob', 4.0], ['Lotus Blossom GaiaHecate', 5.0], ['Whitney', 5.0], ['Patty Odonkor', 5.0], ['Cox', 5.0], ['Ashley London-Ghegan', 5.0], ['Kristi McCracken', 5.0], ['Emily Castillo', 5.0], ['Jeff Wilding', 4.0], ['Urska Sajovic', 5.0], ['Ivo Nestorovski', 5.0], ['Nita', 5.0], ['Samuel Lobe', 4.0], ['wayfaring stranger', 5.0], ['Chase W Russell', 5.0], ['Alexa Murdock', 5.0], ['Kerwick', 4.0], ['Ryan C.', 5.0], ['Kellie R.', 4.0]]","['sweet potatoes ', 'olive oil ', 'salt ', 'black pepper ']",https://www.yummly.com/recipe/Easy-Baked-Sweet-Potato-Fries--9029468
242,Vegan Banana Bread,5.0,70.0,31.27,250.0,310.0,8.0,3,41,"[['Savannah Leigh', 5.0], ['April H.', 5.0], ['Bartlett', 5.0], ['Nigel Salandy', 5.0], ['Holly', 5.0], ['Katie B.', 5.0], ['Radcliffe', 5.0], ['Diana', 5.0], ['Layla R.', 5.0]]","['bananas ', 'canola oil ', 'light brown sugar ', 'granulated sugar ', 'nondairy milk ', 'flaxseed meal ', 'vanilla extract ', 'all purpose flour ', 'cinnamon ', 'baking powder ', 'baking soda ', 'salt ']",https://www.yummly.com/recipe/Vegan-Banana-Bread-2684125
250,20-Minute Pesto Chicken Pizza,4.5,20.0,10.73,480.0,940.0,27.0,23,40,"[['Cara', 4.0], ['aaron gould', 4.0], ['Ventura', 5.0], ['Sahm', 5.0], ['Katherine', 5.0], ['Cienna Banwell', 5.0], ['Albertson', 5.0], ['Breeanna Carlson', 5.0], ['Josh and Catie Roberts', 5.0], ['Jennifer Hailes', 5.0], ['Taylor Sandhoefner', 5.0], ['Red Pill Apostolic', 3.0], ['Shaver', 5.0], ['Taylor Bowman', 5.0], ['Melody', 5.0], ['Desiree Martinez', 5.0], ['Clara Douglas', 5.0], ['Gemini Flamingo', 5.0], ['rezist la victoriei', 4.0], ['Lisa Michelle', 5.0], ['Btthrggt', 5.0], ['Fred Hermann', 5.0], ['Amy Zeris', 4.0], ['zach', 5.0], ['DK Union', 5.0], ['Gabe Shanahan', 5.0], ['Victoria Lynn', 4.0], ['Charlemagne Corder', 5.0], ['kristin', 5.0], ['StarFoodie', 5.0]]","['naan ', 'basil pesto ', 'shredded rotisserie chicken ', 'shredded mozzarella cheese ', 'tomatoes ']",https://www.yummly.com/recipe/20-Minute-Pesto-Chicken-Pizza-9029472
252,Sheet Pan Pizza Chicken,4.5,30.0,30.84,680.0,1420.0,34.0,79,8,"[['Brittney', 5.0], ['Dom', 4.0], ['Molly Rogers', 4.0], ['Kimm', 5.0], ['AmazingCook', 2.0], ['Daniela Neiva', 5.0], ['Katie Cummins', 4.0], ['Yvonne Washington', 5.0], ['Phil N Gabby', 4.0], ['Owens', 5.0], ['Tracy', 4.0], ['Kristin Gibson', 4.0], ['Matt G', 3.0], ['Jana Falknor', 4.0], ['Jon Federko', 4.0], ['Jacob Taylor', 4.0], ['Teryn Revels', 4.0], ['Grant Shulkin', 4.0], ['reid smithdeal', 5.0], ['Nicole D.', 5.0], ['Douglas', 4.0], ['Carleigh Broussard', 5.0], ['Michael Floyd', 5.0], ['Shayna', 5.0], ['Caylie F.', 5.0], ['Kristi M.', 5.0]]","['boneless skinless chicken breasts ', 'nonstick cooking spray ', 'marinara sauce ', 'fresh mozzarella cheese ', 'sliced pepperoni ']",https://www.yummly.com/recipe/Sheet-Pan-Pizza-Chicken-9116048
256,Twice Baked Potatoes,4.5,95.0,18.72,210.0,430.0,12.0,6,21,"[['Aphrodite M.', 5.0], ['Kasha Kinney', 5.0], ['Bruh', 5.0], ['Amber', 5.0], ['Lyndsey Adamo', 4.0], ['Jen', 3.0], ['Precious Alex Ravina Stone', 5.0], ['Luke Paradine', 5.0], ['Tiffany', 5.0], ['Hunt', 5.0], ['Asma Ghali', 5.0], ['Val Bullock', 5.0], ['Maria Acosta', 4.0], ['Jackie', 2.0], ['massiel ozuna', 5.0], ['Jamie Brimer', 5.0], ['Ro Feinen', 4.0], ['NOE BRIZUELA', 3.0], ['Ferrell', 4.0], ['Emoji Emotions', 2.0], ['Nasreen Kaur', 5.0], ['Charles Tribbey', 5.0], ['Kellie Ogle', 5.0], ['Shkoza', 5.0], ['Ștefania Sofian', 5.0], ['Tamana Bhargava', 5.0], ['Kaytee F.', 4.0], ['Chris', 3.0], ['Allison Addison', 5.0]]","['russet potatoes ', 'butter ', 'sour cream ', 'milk ', 'garlic powder ', 'salt ', 'black pepper ', 'shredded cheddar cheese ', 'paprika ']",https://www.yummly.com/recipe/Twice-Baked-Potatoes-2465554
259,Bacon and Cheese Quiche,4.5,80.0,16.69,210.0,420.0,18.0,8,2,"[['dancila', 5.0], ['Brian Hooks', 4.0], ['Nathan', 5.0], ['Kim Hand', 4.0], ['Shaun R.', 5.0], ['Rich', 5.0], ['Sofyan Hakim', 5.0]]","['frozen pie shell ', 'bacon ', 'eggs ', 'whole milk ', 'heavy cream ', 'salt ', 'black pepper ', 'shredded gouda cheese ', 'shredded cheddar cheese ']",https://www.yummly.com/recipe/Bacon-and-Cheese-Quiche-2684061
260,Banana Chocolate Chip Bread,4.0,70.0,28.39,270.0,250.0,11.0,4,41,"[['Sarai Castillo', 5.0], ['Amanda Briggs', 4.0], ['Erin Sanders', 5.0], ['toni 152', 5.0], ['Kali Love-Seckinger', 5.0], ['mahdokht davoodi', 5.0], ['sruthi vani', 4.0]]","['bananas ', 'canola oil ', 'granulated sugar ', 'light brown sugar ', 'large eggs ', 'vanilla extract ', 'all purpose flour ', 'cinnamon ', 'baking powder ', 'baking soda ', 'salt ', 'chocolate chips ']",https://www.yummly.com/recipe/Banana-Chocolate-Chip-Bread-2684116
261,Easy Garlic-Herb Baked Salmon,4.5,20.0,15.69,270.0,360.0,18.0,23,4,"[['Rian', 5.0], ['Lewis', 5.0], ['Dakota DeVine', 5.0], ['Kim Accurso', 5.0], ['Douglas', 4.0], ['White', 5.0], ['Belinda', 5.0], ['Caitlin S', 4.0], ['Karen Delacruz', 5.0], ['Aletha Carroll', 5.0], ['loann rodriguez', 5.0], ['Ashley', 5.0], ['Tori Innella', 4.0], ['Sara Rodas', 4.0], ['Luciano Cedillo', 5.0], ['Aavan', 5.0], ['Odessa', 5.0], ['kristine g.', 5.0], ['Nefititi B.', 5.0], ['Carolyn Watson', 4.0], ['Rodrigo Garcia', 5.0], ['Michael Bolt', 5.0], ['Mark Sharp', 5.0], ['Maria', 5.0], ['Trish Concepcion', 5.0], ['Ahmad Rashidi', 5.0], ['Journey', 4.0], ['Daniel Severe', 4.0], ['Thomas', 5.0]]","['salmon fillets ', 'unsalted butter ', 'salt ', 'black pepper ', 'garlic ', 'fresh rosemary ', 'lemon ']",https://www.yummly.com/recipe/Easy-Garlic-Herb-Baked-Salmon-9029448
262,Bacon Cheeseburger Mac And Cheese,4.5,58.0,42.89,570.0,1040.0,39.0,31,22,"[['Burger Bagel', 5.0], ['Sarah Weinberg', 5.0], ['W', 4.0], ['Hello, Stephanie', 5.0], ['Benjamin', 5.0], ['Akino C.', 5.0], ['Tiffany Hillyer', 3.0], ['Rodney Hammonds', 5.0], ['Rahim', 2.0], ['Ashley Stickney', 5.0], ['Jessica DeWitt', 4.0], ['Wedding', 5.0], ['User Testing Chef', 5.0], ['Siegel', 4.0], ['Sharleen', 4.0], ['Melanie Test Account', 4.0]]","['shortcut pasta ', 'bacon ', 'medium onion ', 'lean ground beef ', 'garlic powder ', 'ketchup ', 'yellow mustard ', 'salt ', 'black pepper ', 'unsalted butter ', 'allpurpose flour ', 'whole milk ', 'ground mustard ', 'paprika ', 'sharp cheddar cheese ', 'Gouda cheese ', 'American cheese ', 'ketchup ']",https://www.yummly.com/recipe/Bacon-Cheeseburger-Mac-And-Cheese-9029565
271,Easy Gluten-Free Mac And Cheese,4.5,50.0,20.24,290.0,490.0,23.0,12,8,"[['Eddie S', 5.0], ['Stephanie L.', 5.0], ['Cindy Taylor', 3.0], ['shirla anna p.', 4.0], ['roe', 3.0], ['Diana Wolf', 5.0], ['Ahoy there!!', 5.0], ['Melissa Guyre', 5.0]]","['shortcut glutenfree pasta ', 'whole milk ', 'unsalted butter ', 'salt ', 'heavy cream ', 'sharp cheddar cheese ', 'cream cheese ', 'mustard powder ', 'black pepper ']",https://www.yummly.com/recipe/Easy-Gluten-Free-Mac-And-Cheese-9029417
273,Moist And Delicious Blueberry Muffins,4.5,41.0,26.62,230.0,270.0,11.0,4,30,"[['Erika', 5.0], ['Shannon Brandow', 5.0], ['Ashlei A.', 4.0], ['Sandie Tucker', 4.0], ['Berrybuns', 4.0], ['Andrea Hakim', 4.0], ['Noelle', 4.0], ['Prongs', 5.0], ['Audrey Babyak', 5.0], ['Terry Davis', 4.0], ['Phoebe Boyd', 5.0], ['Padfoot', 5.0], ['Adam Jackson', 4.0], ['Joanne', 5.0], ['Amanda', 5.0], ['Jennifer', 5.0], ['Cam', 5.0], ['Chelsea Agababyan', 5.0], ['Matt', 4.0], ['Rutherford-Torlone', 5.0], ['Keshava Dilwali', 4.0], ['Shannon Jakel', 1.0], ['Katie Humitz', 5.0], ['Jodi McKeeman', 5.0], ['Xheni Zace', 5.0], ['Aries Parker', 4.0], ['Aicha Ouedraogo', 4.0], ['Julie Phillips', 5.0], ['Monique D.', 5.0], ['Rosemary McDowney', 5.0]]","['unsalted butter ', 'granulated sugar ', 'light brown sugar ', 'vanilla extract ', 'large eggs ', 'sour cream ', 'milk ', 'allpurpose flour ', 'baking powder ', 'baking soda ', 'salt ', 'fresh blueberries ']",https://www.yummly.com/recipe/Moist-And-Delicious-Blueberry-Muffins-9029435
281,Honey Balsamic Glazed Brussels Sprouts,4.5,30.0,16.89,130.0,240.0,4.5,5,20,"[['Cassie', 5.0], ['Bethany Musarra', 5.0], ['ESTHER J.', 5.0], ['Blake Glasbergen', 4.0], ['Tegan Steimle', 4.0], ['Terry', 5.0], ['Ete O.', 5.0], ['Heyser', 5.0], ['VH', 5.0], ['Tarik Abouzied', 4.0], ['Caty Herndon', 4.0]]","['Brussels sprouts ', 'garlic ', 'olive oil ', 'salt ', 'black pepper ', 'balsamic vinegar ', 'honey ']",https://www.yummly.com/recipe/Honey-Balsamic-Glazed-Brussels-Sprouts-2684149
282,Sausage and Cheese Egg Casserole,5.0,55.0,18.13,170.0,420.0,13.0,13,1,"[['Eva Menchaca', 5.0], ['Nicole', 5.0], ['Keenan Threadgill', 5.0], ['Steph', 5.0], ['Stephanie Bush-Kanyi', 5.0], ['Kara Haltiwanger', 5.0], ['Mark McEachern', 5.0], ['Jamila Witter', 5.0]]","['breakfast sausage ', 'eggs ', 'whole milk ', 'salt ', 'black pepper ', 'shredded cheddar cheese ']",https://www.yummly.com/recipe/Sausage-and-Cheese-Egg-Casserole-2482428
284,Extra Creamy Scalloped Potatoes,4.5,55.0,24.07,380.0,480.0,18.0,16,39,"[['Shorouq Music', 3.0], ['Jagodica Bobica', 5.0], ['MrsArmstrong', 5.0], ['Roya Lauren', 5.0], ['Lam', 5.0], ['Leah Larson', 4.0], ['Joselin Morocho', 5.0], ['Hazel Javier', 5.0], ['Essie West', 4.0], ['Carrie Gros Bourgeois', 5.0], ['Benjamin J.', 4.0], ['bymjek', 5.0], ['Mrs P', 5.0], ['Kaitlyn Nicole', 5.0], ['Lisa', 5.0], ['Jay Ander', 4.0], ['Cody Gronning', 5.0], ['Shannon Owens', 5.0], ['Jessica Camacho', 5.0], ['Krebs', 5.0], ['Diana M.', 4.0], ['Jason C.', 5.0], ['YumChef', 5.0], ['Julie Moreland Jacovec', 4.0], ['Erin', 5.0], ['Patricija Majcen', 5.0], ['Alejandro Maya', 5.0], ['Kyanne Selles', 5.0], ['Katelynn Schrader', 5.0], ['Ashley Ann-marie', 5.0]]","['yukon gold potatoes ', 'garlic ', 'butter ', 'flour ', 'whole milk ', 'heavy cream ', 'salt ', 'black pepper ', 'grated Parmesan cheese ', 'shredded cheddar ']",https://www.yummly.com/recipe/Extra-Creamy-Scalloped-Potatoes-2465546
286,Lighter Lemon Garlic Herb Baked Chicken Legs,4.5,47.0,21.14,370.0,560.0,21.0,41,2,"[['Jean McKay', 5.0], ['Mr & Mrs Hislop', 4.0], ['Melissa Fandrey', 4.0], ['Megan Oothoudt', 3.0], ['Samantha Mosier', 5.0], ['Vidya G.', 4.0]]","['nonstick cooking spray ', 'chicken drumsticks ', 'sea salt ', 'black pepper ', 'lemon ', 'garlic cloves ', 'Italian herb seasoning ']",https://www.yummly.com/recipe/Lighter-Lemon-Garlic-Herb-Baked-Chicken-Legs-9164792
289,"Super Cheesy Cauliflower ""Mac"" And Cheese",3.0,48.0,53.55,450.0,870.0,33.0,24,16,"[['Cari L.', 4.0], ['Jabari Hawkins', 5.0], ['rothrock', 5.0], ['Caleb', 4.0], ['Theresa Patton', 3.0], ['Maria Middleton', 4.0], ['Jones', 4.0], ['Murphy', 2.0], ['Michelle H.', 5.0], ['Heather', 3.0], ['Missy', 4.0], ['Nehdudh', 4.0], ['Scott Steely', 4.0]]","['cauliflower florets ', 'olive oil ', 'salt ', 'black pepper ', 'unsalted butter ', 'allpurpose flour ', 'whole milk ', 'mustard powder ', 'garlic powder ', 'salt ', 'black pepper ', 'sharp cheddar cheese ', 'Gruyere cheese ', 'grated Parmesan cheese ']",https://www.yummly.com/recipe/Super-Cheesy-Cauliflower-_Mac_-And-Cheese-9029405
292,4-Ingredient BBQ Baked Salmon,4.5,12.0,23.22,270.0,200.0,16.0,23,7,"[['Melodii Peoples', 3.0], ['Dylan Sugars', 4.0], ['Ashley Brainer', 5.0], ['Jonathan Melchor', 5.0], ['William Heydenreich', 3.0], ['Patrick S.', 4.0], ['Andria Rodríguez', 5.0], ['Dade', 4.0], ['Karen', 4.0], ['Tamy', 5.0], ['LaShunda Rice', 4.0], ['shifra', 4.0], ['PennyC86 .', 5.0], ['cal abunga', 5.0], ['Lisa-Gary Johnson', 3.0], ['R Mustang', 4.0], ['Erica', 5.0], ['Susan h.', 5.0], ['Wickham', 4.0], ['Farah', 4.0], ['irina delariarte', 4.0], ['Nick Reiff', 5.0], ['Tere Vargas', 5.0], ['Johannes Asfaw', 5.0], ['Maliea Smith', 5.0], ['KristinR.', 5.0], ['Bill', 5.0], ['MJ', 5.0], ['YumChef', 5.0], ['Christine Ayres', 4.0]]","['salmon fillets ', 'butter ', 'barbecue sauce ', 'lemon ']",https://www.yummly.com/recipe/4-Ingredient-BBQ-Baked-Salmon-9029438
297,Coffee Cake Muffins,4.5,36.0,32.63,370.0,330.0,17.0,5,50,"[['Shanel Blye', 5.0], ['Junior Woods', 5.0], ['Sabina', 4.0], ['Lance Scott', 5.0], ['bckx', 4.0]]","['unsalted butter ', 'granulated sugar ', 'light brown sugar ', 'vanilla extract ', 'large eggs ', 'sour cream ', 'milk ', 'all purpose flour ', 'baking powder ', 'baking soda ', 'cinnamon ', 'salt ', 'unsalted butter ']",https://www.yummly.com/recipe/Coffee-Cake-Muffins-2440474
298,30-Minute Sheet Pan Chicken Caprese,4.5,32.0,44.32,530.0,1020.0,33.0,49,11,"[['Malea', 5.0], ['Castillejo', 4.0], ['Melissa bishop', 4.0], ['Tara Kowske', 5.0], ['Unique', 5.0], ['Katie', 5.0], ['Kimmmayyyy', 5.0], ['Marilyn Scott', 5.0], ['Gridiron', 5.0], ['Jen', 5.0], ['Lopez', 5.0], ['Monster', 5.0], ['Myles Pestka', 3.0], ['Elizabeth', 5.0], ['Stephanie', 5.0], ['Greg Brueckner', 4.0], ['kri0s rl', 5.0], ['Hank Hill', 4.0], ['Brent A.', 5.0], ['Gina Vacanti-Hunter', 4.0], ['Melanie', 5.0], ['Schumann', 2.0], ['Danielle Almeida', 5.0], ['Kati Brisco', 5.0], ['Casey Shea', 4.0], ['Marla G.', 5.0], ['Carla Weiler', 5.0], ['Anna', 4.0], ['Poncho', 5.0], ['Justin H.', 5.0]]","['chicken breasts ', 'salt ', 'black pepper ', 'butter ', 'Italian seasoning ', 'garlic powder ', 'large tomato ', 'fresh mozzarella cheese ', 'asparagus ', 'olive oil ', 'salt ', 'black pepper ', 'basil ', 'balsamic reduction ', 'sea salt flakes ']",https://www.yummly.com/recipe/30-Minute-Sheet-Pan-Chicken-Caprese-9029516
300,Easy Sheet Pan Chicken and Veggies,4.5,52.0,14.53,610.0,1160.0,30.0,43,41,"[['Mary Gahan', 5.0], ['aaron gould', 4.0], ['Albertson', 4.0], ['tiffany jones', 5.0], ['Katherine McCrea Izzo', 5.0], ['Jan', 5.0], ['Whitney', 4.0], ['Bourazani Popi', 4.0], ['Allison W', 5.0], ['Karen van Heiningen-Kess', 4.0]]","['olive oil ', 'dried parsley ', 'paprika ', 'garlic powder ', 'yukon gold potatoes ', 'mixed vegetables ', 'salt ', 'black pepper ', 'chicken breasts ']",https://www.yummly.com/recipe/Easy-Sheet-Pan-Chicken-and-Veggies-9029509
302,Ground Beef and Potato Gratin,4.0,75.0,27.81,300.0,680.0,17.0,19,16,"[['Rose Marie Theuma', 5.0], ['Brandi Rosales', 5.0], ['Sunita M.', 4.0], ['Maria Quezada', 5.0], ['Fred & Kristen Zitting', 2.0], ['Kaitlin Judd', 3.0]]","['nonstick cooking spray ', 'yukon gold ', 'salt ', 'black pepper ', 'nonstick cooking spray ', 'lean ground beef ', 'onion ', 'garlic ', 'dried thyme ', 'salt ', 'black pepper ', 'butter ', 'flour ', 'half and half ', 'salt ', 'black pepper ', 'shredded cheddar cheese ', 'salt ', 'black pepper ']",https://www.yummly.com/recipe/Ground-Beef-and-Potato-Gratin-9073093
306,5-Ingredient Honey-BBQ Baked Chicken Wings,4.5,65.0,31.16,510.0,610.0,30.0,40,18,"[['Amber W.', 5.0], ['Gabriel Elser', 5.0], ['Yvette Briggerman', 5.0], ['Smith', 5.0], ['Kelsey Ross', 4.0], ['Blaine Cobban', 5.0], ['Alvarez', 5.0], ['Amy Gee', 5.0], ['Shea', 5.0], ['Ann', 5.0], ['Janessa', 5.0], ['Marcus Gay', 5.0], ['Kesha', 4.0], ['Kim', 5.0], ['Lobe', 5.0], ['Abnel Avila', 5.0], ['Brittany Livingstone', 5.0], ['Bammerlin', 4.0], ['Dark Lord', 5.0], ['Latifa Martina', 5.0], ['Alexis', 5.0], ['Camille Jones', 5.0], ['Tranay Washington', 5.0], ['Bri', 5.0], ['Kurian V.', 5.0], ['Celia Beard', 5.0], ['Howard Smith', 5.0], ['Erica M.', 3.0], ['Mark Cartwright', 5.0], ['Maggie Vernier', 5.0]]","['nonstick cooking spray ', 'chicken wings ', 'salt ', 'black pepper ', 'barbecue sauce ', 'honey ']",https://www.yummly.com/recipe/5-Ingredient-Honey-BBQ-Baked-Chicken-Wings-9029543
307,Apple Pie Baked Oatmeal ,3.5,60.0,50.57,340.0,150.0,10.0,8,56,"[['luis miguel b.', 3.0], ['Amanda Reed', 4.0], ['Rina C.', 4.0], ['Mariam Sebraoui', 5.0], ['Rebeccah Lockwood', 1.0], ['Jones', 5.0], ['Jack Owens', 4.0], ['Jennifer K.', 4.0], ['Yidi Hong', 5.0]]","['rolled oats ', 'whole milk ', 'large egg ', 'butter ', 'light brown sugar ', 'maple syrup ', 'vanilla extract ', 'cinnamon ', 'nutmeg ', 'allspice ', 'clove ', 'salt ', 'baking apples ']",https://www.yummly.com/recipe/Apple-Pie-Baked-Oatmeal--9029513
308,Irish Soda Bread,4.0,2.0,22.8,310.0,440.0,7.0,8,53,"[['Carmen Cuevas de Marquez', 5.0], ['Haley Matter', 5.0], ['Robert Kelly', 3.0], ['Small', 3.0], ['Rangan', 5.0], ['Jo LeRoy', 5.0], ['Andrea Wagner', 1.0], ['Craft', 5.0]]","['flour ', 'all purpose flour ', 'granulated sugar ', 'baking soda ', 'salt ', 'butter ', 'dried currants ', 'buttermilk ', 'large egg ', 'flour ']",https://www.yummly.com/recipe/Irish-Soda-Bread-2684153
309,Lemon Sugar Cookies,4.5,25.0,26.92,310.0,250.0,13.0,3,45,"[['Michelle', 5.0], ['Anastasiia Liubimtseva', 5.0], ['Stacie Gray', 5.0], ['Brad MacBlane', 5.0], ['Natasha', 2.0], ['Beck Lincoln', 4.0]]","['granulated sugar ', 'unsalted butter ', 'egg ', 'vanilla extract ', 'fresh lemon juice ', 'lemon zest ', 'all purpose flour ', 'baking soda ', 'cream of tartar ', 'salt ']",https://www.yummly.com/recipe/Lemon-Sugar-Cookies-2376889
313,Easy And Delicious Double Chocolate Muffins,4.5,45.0,27.9,250.0,280.0,14.0,4,32,"[['Dwarfgoat101', 5.0], ['Autumn Jacek', 5.0], ['Mia McNally', 5.0], ['Khaled Almanea', 5.0], ['Supreme Commander', 5.0], ['Pam B.', 5.0], ['Padfoot', 5.0], ['Violet Winter', 4.0], ['Spot', 5.0], ['Henlo Stinky!!', 5.0], ['Cory Gonzalez', 4.0], [""Dolores O'Rourke"", 5.0], ['lakira', 5.0], ['Gamer', 5.0], ['Inara', 5.0], ['Jamie Gaines', 4.0], ['Melnyk', 5.0], ['Anna Moon', 5.0], ['Wilson Jackson', 5.0], ['Max', 4.0], ['Ronye Bodnar', 5.0], ['Stephanie Dye', 4.0], ['Scott', 5.0], ['Jean W.', 5.0], ['Bobbi C.', 5.0], ['llauraa', 5.0], ['Kamran Faruqi', 5.0], ['Kim Seidel', 5.0], ['Natalia Rik', 5.0], ['Juman S', 5.0]]","['unsalted butter ', 'granulated sugar ', 'light brown sugar ', 'vanilla extract ', 'large eggs ', 'sour cream ', 'milk ', 'allpurpose flour ', 'cocoa powder ', 'baking powder ', 'baking soda ', 'salt ', 'chocolate chips ']",https://www.yummly.com/recipe/Easy-And-Delicious-Double-Chocolate-Muffins-9029442
321,Easy Beef Lasagna,3.5,75.0,24.21,320.0,1040.0,21.0,20,12,"[['Jojo P', 4.0], ['Brian Rausch', 5.0], ['Luke Paradine', 4.0], ['James L.', 3.0], ['Silma F.', 3.0]]","['85 lean ground beef ', 'salt ', 'black pepper ', 'garlic powder ', 'Italian seasoning ', 'marinara sauce ', 'lowmoisture ricotta cheese ', 'grated Parmesan cheese ', 'egg ', 'shredded mozzarella cheese ', 'no boil lasagna ']",https://www.yummly.com/recipe/Easy-Beef-Lasagna-2684080
322,Golden Parmesan-Herb Crusted Salmon,4.5,22.0,24.75,340.0,370.0,23.0,26,6,"[['Pauline P.', 5.0], ['Laurel Mizell', 5.0], ['Veronica S.', 5.0], ['Michael Morrison', 5.0], ['Brandon Slade', 5.0], ['Fisher', 5.0], ['April Moore', 2.0], ['Whitaker', 5.0], ['Speckman', 5.0], ['Holden Massey', 4.0], ['Rebecca Wuollet', 5.0], ['KC', 5.0], ['Stephanie G.', 5.0], ['Cherish Philip', 4.0], ['Miranda and Jared Holloway', 5.0], ['Chirag Shamdasani', 5.0], ['Splajt', 5.0], ['Yun', 5.0], ['O', 4.0], ['Rachael Wonderlin', 5.0], ['Mateus Dias Ferreira', 4.0], ['Hannah Sattazahn', 5.0], ['Agnes Dumett', 4.0]]","['salmon fillets ', 'fresh parsley ', 'fresh dill ', 'fresh chives ', 'fresh thyme leaves ', 'grated Parmesan cheese ', 'fresh breadcrumbs ', 'garlic powder ', 'salt ', 'black pepper ', 'unsalted butter ', 'lemon ']",https://www.yummly.com/recipe/Golden-Parmesan-Herb-Crusted-Salmon-9029465
331,Honey-Garlic Baked Chicken Wings,4.5,50.0,26.37,570.0,1070.0,30.0,41,34,"[['Duanne P.', 5.0], ['Stuart Moore', 5.0], ['April', 5.0], ['deshaun steen', 5.0], ['Stacy V', 1.0], ['Genica Chavez', 5.0], ['Kayla', 5.0], ['Lexi', 5.0], ['Sanders', 5.0], ['Donlon', 5.0], ['Fisch', 1.0], ['Claire', 5.0], ['Dorothy T.', 5.0], ['Monty T.Freek', 4.0]]","['chicken wings ', 'honey ', 'brown sugar ', 'soy sauce ', 'garlic ']",https://www.yummly.com/recipe/Honey-Garlic-Baked-Chicken-Wings-2482415
340,Sweet and Spicy Pecans,4.5,85.0,19.18,230.0,150.0,20.0,3,13,"[['Karl', 5.0], ['Jennifer R.', 5.0], ['Jackie', 5.0], ['Christina', 4.0], ['Stacy Wright', 5.0], ['Jade', 5.0], ['Kuebler', 5.0], ['Jo LeRoy', 5.0], ['Tess', 5.0]]","['egg white ', 'water ', 'pecan halves ', 'sugar ', 'ground cumin ', 'chili powder ', 'cayenne ', 'ground cinnamon ', 'salt ']",https://www.yummly.com/recipe/Sweet-and-Spicy-Pecans-9088908
352,Crispy Oven-Fried Chicken,4.5,50.0,26.4,640.0,900.0,25.0,52,51,"[['Cosmo Goncalves', 5.0], ['Lorina Taylor', 5.0], ['Jacqueline Anderson', 3.0], ['Temitope Odunsi', 5.0], ['Stacy Orange', 4.0], ['Elsie Hoover', 4.0], ['Jellisa Joseph', 5.0]]","['buttermilk ', 'chicken drumsticks ', 'all purpose flour ', 'paprika ', 'garlic powder ', 'baking powder ', 'fine sea salt ', 'black pepper ', 'olive oil spray ', 'honey ']",https://www.yummly.com/recipe/Crispy-Oven-Fried-Chicken-9073106
354,Lemon Blueberry Bread,5.0,76.0,31.41,270.0,260.0,13.0,4,38,"[['Danielle', 5.0], ['Jazzy J', 5.0], ['rachel', 5.0], ['April', 5.0], ['Emme', 5.0], ['Andy Waller', 5.0], ['Logan Barton', 5.0]]","['unsalted butter ', 'granulated sugar ', 'vanilla extract ', 'large eggs ', 'sour cream ', 'lemon juice ', 'lemons ', 'all purpose flour ', 'baking powder ', 'baking soda ', 'salt ', 'fresh blueberries ']",https://www.yummly.com/recipe/Lemon-Blueberry-Bread-2684123
356,Best-Ever Broccoli Cheese Soup,4.5,30.0,31.01,310.0,890.0,20.0,17,17,"[['KokoDee', 5.0], ['David Mccarthy', 5.0], ['Eraneisha G.', 5.0], ['Audrey U.', 5.0], ['Falzon', 4.0], ['Jacky Tjoanda', 5.0], ['Heyits Rae', 5.0], ['Jewell Dunlap Juergensen', 5.0], ['Richard Siemiatkoski', 5.0], ['Lisa S.', 5.0], ['Goold', 5.0], ['Yummly User', 5.0], ['Towanda J.', 5.0], ['Pam S.', 5.0], ['Tatia Wilson', 5.0], ['Denise', 5.0], ['toni 152', 5.0], ['Alexandre Daigle Paquette', 5.0], ['Nicole Corzine', 5.0], ['Cigar Hooligan', 5.0], ['Logan', 5.0], ['John Morris', 5.0], ['Morgan Rooney', 4.0], ['Jeffrey Crouch', 5.0], ['Tiago Mindrico', 5.0], ['Jamie Livingston', 5.0], ['Janey Rasco', 5.0], ['Cindy Lewis', 5.0], ['Vanessa Castano', 5.0], ['Michele Cerda', 5.0]]","['onion ', 'large carrots ', 'celery ', 'garlic ', 'broccoli florets ', 'salted butter ', 'salt ', 'Dijon mustard ', 'all purpose flour ', 'chicken broth ', 'whole milk ', 'salt ', 'black pepper ', 'shredded cheddar cheese ', 'fresh parsley ', 'salt ', 'freshly ground black pepper ']",https://www.yummly.com/recipe/Best-Ever-Broccoli-Cheese-Soup-9101940
362,Brown Sugar Glazed Pork Chops,4.5,25.0,20.38,440.0,670.0,36.0,18,9,"[['Rogers-Walker', 4.0], ['Lily Ortiz', 5.0], ['Nikki', 5.0], ['K Ad', 5.0], ['Corie Lynn', 4.0], ['R', 5.0], ['Kat', 4.0], ['Colin Weir', 4.0], ['Heidi Crosgrove-Trobaugh', 3.0], ['kim', 5.0], ['Life Is Cake 👌', 5.0], ['ida', 3.0], ['Tina martin tina', 4.0], ['Magagula', 4.0], ['Limbocker', 5.0], ['Brandi Burge', 5.0], ['Melissa Craig', 5.0]]","['bonein pork chops ', 'salt ', 'black pepper ', 'olive oil ', 'butter ', 'brown sugar ', 'Dijon mustard ', 'cinnamon ', 'cayenne ']",https://www.yummly.com/recipe/Brown-Sugar-Glazed-Pork-Chops-2465563
364,Perfect Soft and Chewy Vegan Sugar Cookies,4.5,25.0,20.93,280.0,240.0,11.0,3,41,"[['Leandria L.', 5.0], ['ZebraZ', 4.0], ['Joshua Schoonmaker', 4.0], ['June tracy', 5.0], ['Astha', 3.0], ['Aleycia Dawn', 5.0], ['Isabella Carey', 5.0], ['Elizabeth Gysi', 5.0], ['aj', 4.0], ['Natalie', 5.0], ['tabasco', 4.0], ['SarahMorgan', 4.0]]","['canola oil ', 'granulated sugar ', 'brown rice syrup ', 'almond milk ', 'vanilla extract ', 'almond extract ', 'allpurpose flour ', 'baking powder ', 'baking soda ', 'salt ']",https://www.yummly.com/recipe/Perfect-Soft-and-Chewy-Vegan-Sugar-Cookies-9029536
370,Za'atar-Roasted Cauliflower Steaks with Bean Salad,4.5,30.0,24.75,200.0,740.0,19.0,3,6,"[['Teresa M.', 5.0], ['Bryan Reese', 4.0], ['cheryl k.', 5.0], ['Venhuda', 5.0], ['Micah', 4.0]]","['cauliflower head ', 'ground sumac ', 'black pepper ', 'dried thyme ', 'dried oregano ', 'sesame seeds ', 'fine sea salt ', 'extravirgin olive oil ', 'cannellini beans ', 'cherry tomatoes ', 'kalamata olives ', 'fresh parsley ', 'extra virgin olive oil ', 'red wine vinegar ', 'fine sea salt ', 'black pepper ']",https://www.yummly.com/recipe/Za_atar-Roasted-Cauliflower-Steaks-with-Bean-Salad-9145178
371,5-Ingredient Pound Cake,4.5,92.0,13.14,290.0,160.0,17.0,4,31,"[['Ava Higginbotham', 1.0], ['MarvelousCulinaire', 5.0], [""Jode'A H."", 2.0], ['Madi Gale', 4.0], ['Noluthando Masora', 3.0], ['PushingHeaven', 4.0], ['jessica quaynor', 3.0], ['ercan', 5.0], ['Kinley F.', 4.0], ['Michael Duda', 3.0], ['Khaled S.', 4.0], ['Veronica Talwar', 5.0], ['Anna Meyer', 3.0], ['Kamo', 4.0], ['mmm a', 5.0], ['Julia', 5.0], ['Siobhan McDonagh', 5.0], ['Benita R.', 5.0], ['Dee', 4.0], ['Funmi', 5.0], ['Paul Head', 4.0], ['Gymnastics', 4.0], ['Diane Pickett', 5.0], ['Marlene Moye', 4.0], ['Megan', 2.0], ['Johanna S.', 5.0], ['Sara Abedin', 5.0], ['Robert Kelly', 4.0], ['Edison', 5.0], ['Richard B', 4.0]]","['nonstick cooking spray ', 'salted butter ', 'granulated sugar ', 'large eggs ', 'all purpose flour ', 'baking powder ']",https://www.yummly.com/recipe/5-Ingredient-Pound-Cake-2465588
376,Melt-In-Your-Mouth Baked Chicken Breasts,4.5,37.0,24.51,300.0,430.0,14.0,38,1,"[['Grim', 5.0], ['Aidan', 5.0], ['Ipek Özer', 5.0], ['William Skinner', 5.0], ['Anu Saha', 5.0], ['Kathleen H.', 4.0], ['Shannon MacIntyre', 5.0], ['Isabelle Q.', 5.0], ['Sondra Lyles', 5.0], ['Jill S.', 5.0], ['Lunar Goddess', 4.0], ['Malea', 2.0], ['Sierra McNamee', 5.0], ['Barb Achenbach Stehman', 5.0], ['Choi', 5.0], ['Angie', 5.0], ['Jamielynn Selner', 3.0], ['Laureen D.', 5.0], ['Peter', 5.0], ['Leah', 5.0], ['Tanyka Jacobsen', 5.0], ['Alane F.', 5.0], ['Jenni Langemeier', 4.0], ['Angie Carnaghi-Monday', 4.0], ['Jamie Cook', 4.0], ['Lauren AW', 4.0], ['yellow _sailboat1', 4.0], ['Sheri Schenk', 3.0], ['Christie N.', 4.0], ['Lettie Polkoski', 3.0]]","['nonstick cooking spray ', 'boneless skinless chicken breasts ', 'salt ', 'black pepper ', 'garlic powder ', 'mayonnaise ', 'plain greek yogurt ', 'shredded Parmesan cheese ']",https://www.yummly.com/recipe/Melt-In-Your-Mouth-Baked-Chicken-Breasts-9073095
381,Crispy Herb-Roasted Potatoes,4.5,45.0,18.95,130.0,240.0,4.0,3,22,"[['Jennifer', 5.0], ['Janet', 5.0], ['Michele', 5.0], ['Akiva Levine', 5.0], ['Danielle Tollefson', 5.0], ['Chef JT', 5.0], ['Paulina', 5.0], ['lucy take', 5.0], ['Jenn Mc', 4.0], ['Eunice I', 5.0], ['Heidi Welte', 5.0], ['Chaz McGutter', 5.0], ['Paula Haney', 5.0], ['Forbes', 5.0], ['aaron gould', 5.0], ['Robert Kelly', 5.0], ['Sabrina Braddy', 5.0], ['Edison', 5.0], ['Evie Gibbs', 5.0], ['Althoff', 4.0], ['Ashanti Leid', 3.0], ['Valeria Garcia', 5.0], ['Ashleigh Lockwood', 5.0], ['Ethan Schmidt', 5.0], ['Justin Dale', 4.0], ['Jaye Hubarth', 4.0], ['Ophelia', 4.0], ['Sky P', 5.0], ['Christy Kennedy', 5.0]]","['nonstick cooking spray ', 'baby red potatoes ', 'olive oil ', 'rosemary leaves ', 'salt ', 'black pepper ', 'rosemary sprigs ']",https://www.yummly.com/recipe/Crispy-Herb-Roasted-Potatoes-9083689
384,Easy Sweet Potatoes Au Gratin,5.0,50.0,20.89,320.0,340.0,23.0,7,23,"[['Giorgio Gk', 5.0], ['de Vlugt', 5.0], ['Latavia S.', 5.0], ['m', 5.0], ['Christina Lisk', 5.0], ['Gauri', 5.0], ['Allen', 5.0], ['Soph', 5.0]]","['sweet potatoes ', 'salt ', 'black pepper ', 'heavy cream ', 'fresh thyme ', 'nutmeg ', 'grated Parmesan cheese ', 'grated Gruyere cheese ']",https://www.yummly.com/recipe/Easy-Sweet-Potatoes-Au-Gratin-2465576
387,Savory Keto Breakfast Cookies,4.5,23.0,18.86,160.0,280.0,14.0,8,4,"[['Olinda Haywood', 4.0], ['Lu', 5.0], ['Kam Purswani', 4.0], ['Liberty', 5.0], ['Full of Joy', 5.0], ['Iulius Raven', 5.0], ['Matthew Strauss', 5.0], ['Deborah Serrano', 4.0]]","['almond flour ', 'large eggs ', 'cheddar cheese ', 'baking powder ', 'salt ', 'black pepper ', 'scallion ', 'bacon ']",https://www.yummly.com/recipe/Savory-Keto-Breakfast-Cookies-9085184
388,Sweet and Salty Candied Bacon,4.5,28.0,24.93,300.0,480.0,26.0,7,11,"[['Carol C.', 5.0], ['Carlson', 5.0], ['Josh', 5.0], ['Amber Ray', 1.0], ['Avishai #TeamTeodosio', 4.0], ['Roger Kerse', 2.0], ['Elias Hardt', 5.0], ['claire', 5.0], ['Shan', 5.0], ['Bob Johndrow', 5.0], ['Neysa Younger', 4.0], ['Brenda J.', 5.0], ['Eden Klinger', 5.0], ['Stokes', 2.0]]","['bacon ', 'brown sugar ', 'maple syrup ', 'black pepper ', 'cayenne pepper ']",https://www.yummly.com/recipe/Sweet-and-Salty-Candied-Bacon-9029436
392,Sheet Pan Honey Mustard Pork Chops with Roasted Veggies,3.5,37.0,45.35,440.0,1480.0,13.0,53,30,"[['Nancy Dafoe', 5.0], ['Ana Ramos', 5.0], ['non ur bisnes', 3.0], ['Michael Goodfellow', 4.0], ['Arora L.', 3.0], ['Gh', 3.0], ['Al Wong', 4.0], ['Gail', 5.0], ['Denise', 3.0]]","['yellow mustard ', 'honey ', 'onion powder ', 'garlic powder ', 'brussels sprouts ', 'medium carrot ', 'olive oil ', 'salt ', 'black pepper ', 'pork loin chops ', 'nonstick cooking spray ']",https://www.yummly.com/recipe/Sheet-Pan-Honey-Mustard-Pork-Chops-with-Roasted-Veggies-9029414
393,Vegan Spinach Lasagna,4.5,75.0,27.61,290.0,700.0,16.0,20,23,"[['kitty martinez', 5.0], ['aaron gould', 5.0], ['Adriana I.', 5.0], ['Bryan Reese', 4.0], ['jul', 4.0], ['Micayla cannon', 5.0], ['Mikka', 4.0], ['Shauntay White', 5.0], ['tiffany madison', 5.0], ['Milius', 5.0], ['Deena Eberhart', 5.0], ['Alex', 5.0], ['hlmg', 4.0], ['Tim Hatcher', 5.0]]","['firm tofu ', 'olive oil ', 'lemon ', 'nutritional yeast ', 'salt ', 'black pepper ', 'garlic powder ', 'Italian seasoning ', 'no boil lasagna ', 'marinara sauce ', 'frozen spinach ']",https://www.yummly.com/recipe/Vegan-Spinach-Lasagna-2684091
409,Italian Sausage-Stuffed Mushrooms,4.0,38.0,16.58,360.0,780.0,27.0,16,14,"[['Michael T.', 5.0], [""Garza O'Shaughnessy"", 3.0], ['Kenneth Rausch', 4.0], ['Kelly Simpson', 3.0], ['Taylor-Blunt', 4.0], ['Agnes Dumett', 5.0]]","['cremini mushrooms ', 'cream cheese ', 'grated Parmesan cheese ', 'panko breadcrumbs ', 'dried parsley ', 'dried thyme ', 'salt ', 'black pepper ', 'shallots ', 'italian sausage ']",https://www.yummly.com/recipe/Italian-Sausage-Stuffed-Mushrooms-9029494
412,Vegetarian Bean and Cheese Taco Casserole,4.5,34.0,31.47,290.0,770.0,14.0,18,27,"[['Kimberly Beasley', 5.0], ['leah g.', 3.0], ['Raven B.', 4.0], ['Lucas Silva', 5.0], ['Charlotte Rossion', 5.0], ['Erica', 5.0]]","['nonstick cooking spray ', 'canned black beans ', 'pinto beans ', 'red kidney beans ', 'corn kernels ', 'scallions ', 'bell pepper ', 'prepared salsa ', 'cumin ', 'chili powder ', 'dried oregano ', 'garlic powder ', 'salt ', 'tortilla chips ', 'shredded pepper jack cheese ', 'shredded cheddar cheese ', 'sour cream ', 'avocado ']",https://www.yummly.com/recipe/Vegetarian-Bean-and-Cheese-Taco-Casserole-9085185
421,Easy Honey-Mustard Chicken Thighs,4.5,30.0,19.6,310.0,500.0,8.0,39,19,"[['Yazc', 5.0], ['7ae19c22-1c55-4c7a-8781-4c9d828c62f2', 5.0], ['Heide White', 4.0], ['Modestas Markevičius', 5.0], ['John Stevens', 3.0], ['Dana P.', 5.0], ['Etienne Hajee', 5.0], ['Daquon Williams', 5.0], ['Jiahui Wang', 5.0], ['Jennifer Whalley', 5.0], ['Al Burman', 5.0], ['Amanda S.', 5.0], ['Danielle W.', 4.0], ['Hajni M.', 5.0], ['pawley', 5.0], ['Ellen', 5.0], ['Monica', 4.0], ['Maya', 4.0], ['Austin Lounds', 4.0], ['Jen', 4.0]]","['cooking spray ', 'whole grain mustard ', 'honey ', 'garlic powder ', 'salt ', 'boneless skinless chicken thighs ']",https://www.yummly.com/recipe/Easy-Honey-Mustard-Chicken-Thighs-9029460
425,Garlic Roasted Broccoli,4.5,30.0,7.47,130.0,440.0,9.0,5,11,"[['Rebeca Pereira', 5.0], ['Lily', 4.0], ['JW008', 4.0], ['Ayesha Searcy', 5.0], ['Sheri-Lynn G.', 5.0], ['Mike Scheeler', 4.0], ['Leah', 5.0], ['Angela Higgs', 5.0], ['Vicki', 5.0], ['Sasha Bowman', 5.0], ['imprudent01 .', 4.0], ['Lindsey Nance', 4.0], ['Danielle W.', 5.0], ['Jeff', 5.0], ['Xhuliano Taka', 5.0], ['John Brooks', 5.0], ['Ali Olafsson', 5.0], ['Kevin Shute', 4.0], ['Julie', 4.0], ['Georgina V.', 5.0], ['Naresh Kamath', 5.0], ['Cipollate Cafe', 5.0], ['Michael Bates', 4.0], ['Justin Chan', 3.0], ['Cooper Noack', 4.0], ['Liz Haddox', 3.0], ['Steve', 4.0], ['Sarah Torres', 5.0], ['Venter', 4.0], ['LeeAnn Bryant', 5.0]]","['broccoli florets ', 'olive oil ', 'salt ', 'black pepper ', 'garlic ']",https://www.yummly.com/recipe/Garlic-Roasted-Broccoli-2684142
434,Crispy Panko-Parmesan Chicken Breasts,4.5,28.0,17.16,310.0,340.0,16.0,28,11,"[['Jennell Marie', 5.0], ['LaGree', 3.0], ['Jacqueline Truax', 4.0], ['Yusuf Nasir', 5.0], ['Scott Harding', 3.0], ['Anita', 4.0], ['Jazmyne Johnson', 5.0], ['Bortz', 5.0], ['86d1fa17-1974-4695-973a-36badbb3e65b', 5.0], ['Campbell', 4.0], ['Rhianne M', 4.0], ['Persia King', 4.0], ['Lindy N.', 5.0], ['Rob Cress', 3.0], ['Jaye Hubarth', 4.0], ['Oberlies', 5.0], ['Olivia Wells', 4.0], ['Eric Miller', 5.0], ['Vicky Grant', 4.0], ['Gridiron', 4.0], ['Taelor', 5.0], ['Tammi L.', 4.0], ['Matt C', 4.0], ['Paul V.', 3.0], ['Zlata', 5.0], ['Cheyanne Cruz', 4.0], ['Bethany Her', 5.0], ['Natalie Whyte', 5.0], ['Hshshs', 4.0], ['Sarah Neipp', 5.0]]","['chicken breasts ', 'panko breadcrumbs ', 'shredded Parmesan cheese ', 'dried parsley ', 'salt ', 'Dijon mustard ', 'mayonnaise ']",https://www.yummly.com/recipe/Crispy-Panko-Parmesan-Chicken-Breasts-9029452
